product_id,retailer,price_usd,size,unit,url,checked_on
cerave-hydrating-facial-cleanser,brand,15.99,12,fl oz,https://www.cerave.com/skincare/cleansers/hydrating-facial-cleanser,2026-09-23
cerave-foaming-facial-cleanser,brand,15.99,12,fl oz,https://www.cerave.com/skincare/cleansers/foaming-facial-cleanser,2026-09-23
cerave-acne-foaming-cream-cleanser,brand,17.99,5,oz,https://www.cerave.com/skincare/cleansers/acne-benzoyl-peroxide-cleanser,2026-09-23
the-inkey-list-oat-cleansing-balm,brand,17.00,150,ml,https://www.theinkeylist.com/products/oat-cleansing-balm-150ml,2026-09-23
the-inkey-list-salicylic-acid-cleanser,brand,15.00,150,ml,https://www.theinkeylist.com/products/salicylic-acid-cleanser,2026-09-23
cosrx-low-ph-good-morning-gel-cleanser,brand,14.00,150,ml,https://www.cosrx.com/products/low-ph-good-morning-gel-cleanser,2026-09-23
cosrx-low-ph-good-morning-gel-cleanser,brand,9.99,50,ml,https://www.cosrx.com/products/low-ph-good-morning-gel-cleanser,2026-09-23
beauty-of-joseon-green-plum-refreshing-cleanser,brand,13.00,100,ml,https://beautyofjoseon.com/products/green-plum-refreshing-cleanser,2026-09-23
beauty-of-joseon-green-plum-refreshing-cleanser,brand,16.00,200,ml,https://beautyofjoseon.com/products/green-plum-refreshing-cleanser,2026-09-23
banila-co-clean-it-zero-cleansing-balm-original,brand,8.00,25,ml,https://banilausa.com/products/clean-it-zero-cleansing-balm-original,2026-09-23
banila-co-clean-it-zero-cleansing-balm-original,brand,21.00,100,ml,https://banilausa.com/products/clean-it-zero-cleansing-balm-original,2026-09-23
banila-co-clean-it-zero-cleansing-balm-original,brand,29.00,180,ml,https://banilausa.com/products/clean-it-zero-cleansing-balm-original,2026-09-23
first-aid-beauty-ultra-gentle-pure-skin-face-cleanser,brand,12.00,2,oz,https://www.firstaidbeauty.com/products/ultra-gentle-pure-skin-face-cleanser,2026-09-23
first-aid-beauty-ultra-gentle-pure-skin-face-cleanser,brand,27.00,6,oz,https://www.firstaidbeauty.com/products/ultra-gentle-pure-skin-face-cleanser,2026-09-23
first-aid-beauty-ultra-gentle-pure-skin-face-cleanser,brand,34.00,8,oz,https://www.firstaidbeauty.com/products/ultra-gentle-pure-skin-face-cleanser,2026-09-23
glow-recipe-blueberry-bounce-gentle-cleanser,brand,34.00,160,ml,https://www.glowrecipe.com/products/glow-recipe-blueberry-bounce-gentle-cleanser,2026-09-23
glow-recipe-blueberry-bounce-gentle-cleanser,brand,10.00,30,ml,https://www.glowrecipe.com/products/glow-recipe-blueberry-bounce-gentle-cleanser,2026-09-23
tatcha-the-rice-wash,brand,19.00,50,ml,https://tatcha.com/products/rice-wash-soft-cream-cleanser,2026-09-23
tatcha-the-rice-wash,brand,40.00,120,ml,https://tatcha.com/products/rice-wash-soft-cream-cleanser,2026-09-23
tatcha-the-rice-wash,brand,59.00,240,ml,https://tatcha.com/products/rice-wash-soft-cream-cleanser,2026-09-23
round-lab-1025-dokdo-cleanser,brand,15.00,150,ml,https://roundlab.com/products/1025-dokdo-cleanser,2026-09-23
the-ordinary-squalane-cleanser,brand,10.50,50,ml,https://theordinary.com/en-us/squalane-face-cleanser-100446.html,2026-09-23
cerave-resurfacing-retinol-serum,brand,21.99,1,fl oz,https://www.cerave.com/skincare/facial-serums/resurfacing-retinol-serum,2026-09-23
the-ordinary-niacinamide-10-zinc-1,brand,6.00,30,ml,https://theordinary.com/en-us/niacinamide-10-zinc-1-serum-100436.html,2026-09-23
the-ordinary-hyaluronic-acid-2-b5-with-ceramides,brand,9.90,30,ml,https://theordinary.com/en-us/hyaluronic-acid-2-b5-serum-with-ceramides-100637.html,2026-09-23
the-ordinary-azelaic-acid-suspension-10,brand,12.20,30,ml,https://theordinary.com/en-us/azelaic-acid-suspension-10-exfoliator-100407.html,2026-09-23
the-inkey-list-starter-retinol-serum,brand,15.00,30,ml,https://www.theinkeylist.com/products/starter-retinol,2026-09-23
the-inkey-list-15-vitamin-c-egf-serum,brand,20.00,30,ml,https://www.theinkeylist.com/products/15-vitamin-c-egf-serum,2026-09-23
naturium-niacinamide-serum-12-zinc-2,brand,17.00,1,fl oz,https://naturium.com/products/niacinamide-serum-12-plus-zinc-2,2026-09-23
cosrx-advanced-snail-96-mucin-power-essence,brand,25.00,100,ml,https://www.cosrx.com/products/advanced-snail-96-mucin-power-essence,2026-09-23
cosrx-advanced-snail-96-mucin-power-essence,brand,14.00,50,ml,https://www.cosrx.com/products/advanced-snail-96-mucin-power-essence,2026-09-23
cosrx-advanced-snail-96-mucin-power-essence,brand,9.99,30,ml,https://www.cosrx.com/products/advanced-snail-96-mucin-power-essence,2026-09-23
cosrx-bha-blackhead-power-liquid,brand,25.00,100,ml,https://www.cosrx.com/products/bha-blackhead-power-liquid,2026-09-23
beauty-of-joseon-glow-serum-propolis-niacinamide,brand,13.60,30,ml,https://beautyofjoseon.com/products/glow-serum-propolis-niacinamide,2026-09-23
beauty-of-joseon-glow-serum-propolis-niacinamide,brand,22.10,60,ml,https://beautyofjoseon.com/products/glow-serum-propolis-niacinamide,2026-09-23
skin1004-madagascar-centella-ampoule,brand,9.50,30,ml,https://www.skin1004.com/products/skin1004-madagascar-centella-ampoule,2026-09-23
skin1004-madagascar-centella-ampoule,brand,13.50,55,ml,https://www.skin1004.com/products/skin1004-madagascar-centella-ampoule,2026-09-23
skin1004-madagascar-centella-ampoule,brand,19.80,100,ml,https://www.skin1004.com/products/skin1004-madagascar-centella-ampoule,2026-09-23
anua-niacinamide-10-txa-4-serum,brand,24.00,30,ml,https://anua.com/products/niacinamide-10-txa-4-serum-2,2026-09-23
torriden-dive-in-serum,brand,24.00,50,ml,https://torriden.us/products/dive-in-serum,2026-09-23
glow-recipe-watermelon-glow-niacinamide-dew-drops,brand,36.00,40,ml,https://www.glowrecipe.com/products/watermelon-glow-niacinamide-dew-drops,2026-09-23
glow-recipe-watermelon-glow-niacinamide-dew-drops,brand,20.00,15,ml,https://www.glowrecipe.com/products/watermelon-glow-niacinamide-dew-drops,2026-09-23
tatcha-the-silk-serum,brand,99.00,30,ml,https://tatcha.com/products/the-silk-serum-wrinkle-smoothing-treatment,2026-09-23
tatcha-the-silk-serum,brand,38.00,10,ml,https://tatcha.com/products/the-silk-serum-wrinkle-smoothing-treatment,2026-09-23
cerave-pm-facial-moisturizing-lotion,brand,19.99,3,fl oz,https://www.cerave.com/skincare/moisturizers/pm-facial-moisturizing-lotion,2026-09-23
the-ordinary-natural-moisturizing-factors-ha,brand,6.70,30,ml,https://theordinary.com/en-us/natural-moisturizing-factors-ha-moisturizer-100435.html,2026-09-23
cosrx-advanced-snail-92-all-in-one-cream,brand,26.00,100,g,https://www.cosrx.com/products/advanced-snail-92-all-in-one-cream,2026-09-23
cosrx-advanced-snail-92-all-in-one-cream,brand,15.00,50,g,https://www.cosrx.com/products/advanced-snail-92-all-in-one-cream,2026-09-23
beauty-of-joseon-dynasty-cream,brand,10.50,30,ml,https://beautyofjoseon.com/products/dynasty-cream,2026-09-23
beauty-of-joseon-dynasty-cream,brand,24.00,50,ml,https://beautyofjoseon.com/products/dynasty-cream,2026-09-23
beauty-of-joseon-dynasty-cream,brand,26.00,100,ml,https://beautyofjoseon.com/products/dynasty-cream,2026-09-23
beauty-of-joseon-red-bean-water-gel,brand,14.40,100,ml,https://beautyofjoseon.com/products/red-bean-water-gel,2026-09-23
round-lab-birch-moisturizing-cream,brand,30.60,80,ml,https://roundlab.com/products/birch-moisturizing-cream,2026-09-23
torriden-dive-in-soothing-cream,brand,27.00,100,ml,https://torriden.us/products/dive-in-soothing-cream,2026-10-05
skin1004-madagascar-centella-soothing-cream,brand,7.50,30,ml,https://www.skin1004.com/products/skin1004-madagascar-centella-soothing-cream,2026-09-23
skin1004-madagascar-centella-soothing-cream,brand,14.40,75,ml,https://www.skin1004.com/products/skin1004-madagascar-centella-soothing-cream,2026-09-23
first-aid-beauty-ultra-repair-cream,brand,20.00,2,oz,https://www.firstaidbeauty.com/products/ultra-repair-cream-intense-hydration,2026-09-23
first-aid-beauty-ultra-repair-cream,brand,35.00,4,oz,https://www.firstaidbeauty.com/products/ultra-repair-cream-intense-hydration,2026-09-23
first-aid-beauty-ultra-repair-cream,brand,42.00,6,oz,https://www.firstaidbeauty.com/products/ultra-repair-cream-intense-hydration,2026-09-23
first-aid-beauty-ultra-repair-cream,brand,50.00,8,oz,https://www.firstaidbeauty.com/products/ultra-repair-cream-intense-hydration,2026-09-23
first-aid-beauty-ultra-repair-cream,brand,66.00,12,oz,https://www.firstaidbeauty.com/products/ultra-repair-cream-intense-hydration,2026-09-23
glow-recipe-plum-plump-hyaluronic-cream,brand,40.00,50,ml,https://www.glowrecipe.com/products/plum-plump-hyaluronic-cream,2026-09-23
glow-recipe-plum-plump-hyaluronic-cream,brand,21.00,20,ml,https://www.glowrecipe.com/products/plum-plump-hyaluronic-cream,2026-09-23
tatcha-the-dewy-skin-cream,brand,74.00,50,ml,https://tatcha.com/products/the-dewy-skin-cream,2026-09-23
tatcha-the-dewy-skin-cream,brand,93.00,75,ml,https://tatcha.com/products/the-dewy-skin-cream,2026-09-23
tatcha-the-dewy-skin-cream,brand,25.00,15,ml,https://tatcha.com/products/the-dewy-skin-cream,2026-09-23
rhode-barrier-restore-cream,brand,32.00,1.7,oz,https://www.rhodeskin.com/products/barrier-restore-cream,2026-09-23
rhode-barrier-restore-cream,brand,20.00,1.0,oz,https://www.rhodeskin.com/products/barrier-restore-cream,2026-09-23
laneige-water-bank-blue-hyaluronic-cream,brand,38.00,50,ml,https://us.laneige.com/products/water-bank-blue-hyaluronic-cream-moisturizer,2026-09-23
laneige-water-bank-blue-hyaluronic-cream,brand,22.00,20,ml,https://us.laneige.com/products/water-bank-blue-hyaluronic-cream-moisturizer,2026-09-23
round-lab-birch-juice-moisturizing-sun-serum-spf50,brand,24.99,50,ml,https://roundlab.com/products/birch-juice-moisturizing-sun-serum-spf50,2026-09-23
glow-recipe-watermelon-glow-dew-shield-spf30,brand,35.00,50,ml,https://www.glowrecipe.com/products/watermelon-glow-dew-shield-spf-30,2026-09-23
cosrx-aloe-soothing-sun-cream,brand,16.00,50,ml,https://www.cosrx.com/products/aloe-soothing-sun-cream-spf50-pa,2026-09-23
cerave-hydrating-mineral-sunscreen-face-spf30,brand,15.99,2.5,fl oz,https://www.cerave.com/sunscreen/face/hydrating-mineral-sunscreen-face-lotion-spf-30,2026-09-23
kinship-self-reflect-probiotic-sunscreen-spf32,brand,32.00,1.75,fl oz,https://lovekinship.com/products/self-reflect-zinc-oxide-mineral-sunscreen,2026-09-23
kinship-self-reflect-probiotic-sunscreen-spf32,brand,52.00,3.5,fl oz,https://lovekinship.com/products/self-reflect-zinc-oxide-mineral-sunscreen,2026-09-23
eltamd-uv-clear-spf46,brand,45.00,1.7,fl oz,https://eltamd.com/products/uv-clear-broad-spectrum-spf-46,2026-09-23
eltamd-uv-clear-spf46,brand,76.00,3.7,fl oz,https://eltamd.com/products/uv-clear-broad-spectrum-spf-46,2026-09-23
innisfree-daily-uv-defense-mineral-sunscreen-spf45,brand,22.00,50,ml,https://us.innisfree.com/products/daily-uv-defense-mineral-sunscreen,2026-09-23
innisfree-daily-uv-defense-mineral-sunscreen-spf45,brand,12.00,25,ml,https://us.innisfree.com/products/daily-uv-defense-mineral-sunscreen,2026-09-23
cetaphil-gentle-skin-cleanser,amazon,13.44,20,fl oz,https://www.amazon.com/dp/B099N3NM61,2026-09-23
la-roche-posay-toleriane-hydrating-gentle-cleanser,brand,19.99,400,ml,https://www.laroche-posay.us/our-products/face/face-wash/toleriane-hydrating-gentle-facial-cleanser-tolerianehydratinggentlefacialcleanser.html,2026-09-23
vanicream-gentle-facial-cleanser,walmart,9.97,8,fl oz,https://www.walmart.com/ip/Vanicream-Gentle-Facial-Cleanser-8-oz/191176966,2026-09-23
neutrogena-oil-free-acne-wash,walmart,12.97,16,fl oz,https://www.walmart.com/ip/seort/20004360843,2026-09-23
paulas-choice-clear-pore-normalizing-cleanser,brand,28.00,177,ml,https://www.paulaschoice.com/clear-pore-normalizing-cleanser/600.html,2026-09-23
kiehls-ultra-facial-cleanser,brand,26.00,5,fl oz,https://www.kiehls.com/skincare/face-cleansers-scrubs/ultra-facial-cleanser/714.html,2026-09-23
paulas-choice-calm-ultra-gentle-cleanser,brand,28.00,6.7,fl oz,https://www.paulaschoice.com/calm-ultra-gentle-cleanser/9190.html,2026-09-23
senka-perfect-whip,walmart,9.93,4.23,oz,https://www.walmart.com/ip/Shiseido-Senka-Perfect-Whip-Cream-Face-Wash-4-23-oz/908991070,2026-09-23
drunk-elephant-beste-no-9-jelly-cleanser,brand,36.00,150,ml,https://www.drunkelephant.com/beste-no.-9-jelly-cleanser-812343032415.html,2026-09-23
drunk-elephant-beste-no-9-jelly-cleanser,brand,18.00,60,ml,https://www.drunkelephant.com/beste-no.-9-jelly-cleanser-812343032415.html,2026-09-23
fresh-soy-face-cleanser,brand,39.00,150,ml,https://www.fresh.com/us/skincare/categories/cleansers/soy-face-cleanser-H00006238.html,2026-09-23
youth-to-the-people-superfood-cleanser,brand,39.00,8,fl oz,https://www.youthtothepeople.com/skincare/cleansers/superfood-cleanser/YTTP-10100.html,2026-09-23
differin-adapalene-gel,walmart,23.97,1.6,oz,https://www.walmart.com/ip/Differin-Acne-Treatment-Gel-Retinoid-Treatment-For-Face-With-0-1-Adapalene-1-6-oz-45g/252332363,2026-09-23
paulas-choice-2-bha-liquid-exfoliant,brand,37.00,4,fl oz,https://www.paulaschoice.com/skin-perfecting-2pct-bha-liquid-exfoliant/201-2010.html,2026-09-23
good-molecules-discoloration-correcting-serum,brand,12.00,30,ml,https://www.goodmolecules.com/s/good-molecules-discoloration-correcting-serum-30ml,2026-09-23
drunk-elephant-c-firma-fresh-day-serum,brand,79.00,28,ml,https://www.drunkelephant.com/collections/serums/c-firma-fresh-vitamin-c-day-serum-812343034358.html,2026-09-23
kiehls-clearly-corrective-dark-spot-serum,brand,65.00,30,ml,https://www.kiehls.com/skincare/face-serums/clearly-corrective-dark-spot-serum/842.html,2026-09-23
skinceuticals-c-e-ferulic,brand,185.00,30,ml,https://www.skinceuticals.com/skincare/vitamin-c-serums/c-e-ferulic-with-15-l-ascorbic-acid/S17.html,2026-09-23
neutrogena-rapid-wrinkle-repair-serum,walmart,20.01,1,fl oz,https://www.walmart.com/ip/Neutrogena-Rapid-Wrinkle-Repair-Anti-Aging-Retinol-Serum-1-fl-oz/19423429,2026-09-23
drunk-elephant-a-passioni-retinol-cream,brand,76.00,30,ml,https://www.drunkelephant.com/a-passioni-retinol-cream-812343032392.html,2026-09-23
cerave-moisturizing-cream,walmart,15.97,12,oz,https://www.walmart.com/ip/CeraVe-Moisturizing-Cream-Face-Moisturizer-Body-Lotion-for-Normal-to-Very-Dry-Skin-12-oz/937270693,2026-09-24
cetaphil-moisturizing-cream,walmart,10.97,8.8,fl oz,https://www.walmart.com/ip/Cetaphil-Moisturizing-Cream-for-Dry-to-Very-Dry-Skin-Unscented-20-fl-oz/955271368,2026-09-24
vanicream-daily-facial-moisturizer,walmart,13.97,3,fl oz,https://www.walmart.com/ip/Vanicream-Daily-Facial-Moisturizer/131271676,2026-09-24
neutrogena-hydro-boost-water-gel-fragrance-free,walmart,19.97,1.7,fl oz,https://www.walmart.com/ip/seort/2701693567,2026-09-24
aestura-atobarrier-365-cream,sephora,32.00,80,ml,https://www.sephora.com/product/atobarrier365-cream-with-ceramides-niacinamide-for-skin-moisture-barrier-repair-P515494?skuId=2844942,2026-09-24
dr-althea-345-relief-cream,brand,27.00,50,ml,https://doctoraltheaglobal.com/products/345-relief-cream,2026-09-24
clinique-moisture-surge-100h,brand,31.00,1,oz,https://www.clinique.com/products/moisture-surge-100h-auto-replenishing-hydrator,2026-09-24
drunk-elephant-protini-polypeptide-cream,brand,72.00,50,ml,https://www.drunkelephant.com/protini-polypeptide-firming-refillable-moisturizer-856556004739.html,2026-09-24
la-roche-posay-toleriane-double-repair-moisturizer,brand,24.99,100,ml,https://www.laroche-posay.us/our-products/face/face-moisturizer/toleriane-double-repair-face-moisturizer-tolerianedoublerepair.html,2026-09-24
paulas-choice-clear-oil-free-moisturizer,brand,42.00,2,fl oz,https://www.paulaschoice.com/clear-oil-free-moisturizer/380.html,2026-09-24
kiehls-ultra-facial-cream,brand,115.00,8,fl oz,https://www.kiehls.com/skincare/face-moisturizers/ultra-facial-cream-with-squalane/622.html,2026-09-24
belif-the-true-cream-aqua-bomb,sephora,67.00,3.38,fl oz,https://www.sephora.com/product/belif-the-true-cream-aqua-bomb-with-hyaluronic-acid-niacinamide-P510117,2026-09-24
youth-to-the-people-superfood-air-whip-moisture-cream,brand,49.00,2,oz,https://www.youthtothepeople.com/superfood-air-whip-moisture-cream/YTTP-10300.html,2026-09-24
round-lab-birch-moisturizing-sunscreen-uvlock-spf45,brand,24.99,50,ml,https://roundlab.com/products/birch-moisturizing-uv-sunscreen,2026-09-24
round-lab-birch-mild-up-sunscreen-uvlock-spf50,brand,24.99,50,ml,https://roundlab.com/products/birch-juice-mild-up-uvlock-sunscreen,2026-09-24
skin1004-hyalu-cica-water-fit-sun-serum-uv,brand,15.20,50,ml,https://www.skin1004.com/products/hyalu-cica-water-fit-sun-serum-uv,2026-09-24
supergoop-unseen-sunscreen-spf50,brand,19.00,0.68,fl oz,https://supergoop.com/products/unseen-sunscreen-spf-50,2026-09-24
supergoop-unseen-sunscreen-spf50,brand,38.00,1.7,fl oz,https://supergoop.com/products/unseen-sunscreen-spf-50,2026-09-24
supergoop-unseen-sunscreen-spf50,brand,48.00,2.5,fl oz,https://supergoop.com/products/unseen-sunscreen-spf-50,2026-09-24
supergoop-mineral-mattescreen-spf40,brand,40.00,1.5,fl oz,https://supergoop.com/products/smooth-and-poreless-mattescreen,2026-09-24
biore-uv-aqua-rich-spf50,brand,15.99,1.7,fl oz,https://us.biore.com/products/biore-sunscreen-spf-50,2026-09-24
beauty-of-joseon-relief-sun,amazon,18.85,1.69,fl oz,https://www.amazon.com/dp/B0G4Z5G1NT,2026-09-24
dr-g-green-mild-up-defense-mineral-sunscreen,brand,29.00,50,ml,https://www.dr-g.com/products/dr-g-green-mild-up-sun-50ml-%EC%82%AC%EB%B3%B8,2026-09-24
drunk-elephant-umbra-sheer-spf30,brand,42.00,2,oz,https://www.drunkelephant.com/collections/sun-protection/umbra-sheer-mineral-cream-spf-30pa-812343032804.html,2026-09-24
skin1004-centella-air-fit-suncream-plus,amazon,19.25,1.69,fl oz,https://www.amazon.com/dp/B09JDXC8PM,2026-09-24
torriden-dive-in-mild-suncream,oliveyoung,20.30,80,ml,https://global.oliveyoung.com/product/detail?prdtNo=GA220916335,2026-09-24
eltamd-uv-daily-spf40,brand,41.00,1.7,fl oz,https://eltamd.com/products/eltamd-uv-daily-broad-spectrum-spf-40-limited-edition,2026-09-24
unsun-mineral-tinted-spf30,bluemercury,20.30,1.7,fl oz,https://bluemercury.com/products/unsun-cosmetics-mineral-tinted-face-sunscreen-lotion-spf-30?variant=41154318041163,2026-09-24
black-girl-sunscreen-spf30,brand,18.99,3,fl oz,https://blackgirlsunscreen.com/product/black-girl-sunscreen-spf-30/,2026-09-24
isdin-eryfotona-actinica-spf50,brand,46.00,1.7,fl oz,https://www.isdin.com/us/p/actinica-17-fl-oz/4266,2026-09-24
isntree-hyaluronic-acid-watery-sun-gel,amazon,20.94,1.69,fl oz,https://www.amazon.com/dp/B0H3WD92LG,2026-09-24
skin1004-centella-air-fit-suncream-plus,yesstyle,16.20,50,ml,https://www.yesstyle.com/en/info.html/pid.1113064814,2026-10-05
neutrogena-ultra-sheer-dry-touch-spf55,amazon,9.85,3,fl oz,https://www.amazon.com/dp/B000EPA4GQ,2026-09-24
aveeno-protect-hydrate-sunscreen-lotion-spf60,walmart,25.24,12,fl oz,https://www.walmart.com/ip/Aveeno-Protect-Hydrate-Body-Sunscreen-Lotion-SPF-60-12-0-fl-oz/560846968,2026-09-24
la-roche-posay-anthelios-melt-in-milk-spf60,amazon,29.24,5,fl oz,https://www.amazon.com/dp/B002CML1VG,2026-09-24
la-roche-posay-anthelios-mineral-tinted-spf50,amazon,29.99,1.7,fl oz,https://www.amazon.com/dp/B007U54P36,2026-09-24
the-ordinary-lactic-acid-10-ha,brand,9.20,30,ml,https://theordinary.com/en-us/lactic-acid-10-ha-exfoliator-100426.html,2026-10-06
cosrx-aha-7-whitehead-power-liquid,nordstrom,22.00,3.38,fl oz,https://www.nordstrom.com/s/cosrx-aha-7-whitehead-power-liquid/7614119,2026-10-06
paulas-choice-8-aha-gel-exfoliant,amazon,37.00,3.3,fl oz,https://www.amazon.com/dp/B00949CO66,2026-10-06
