id,brand,name,category,actives,ingredients,image_url,source_url,import,spf
cerave-hydrating-facial-cleanser,CeraVe,Hydrating Facial Cleanser,cleanser,,"Aqua / Water / Eau, Glycerin, Cetearyl Alcohol, Peg-40 Stearate, Stearyl Alcohol, Potassium Phosphate, Ceramide NP, Ceramide AP, Ceramide EOP, Carbomer, Glyceryl Stearate, Behentrimonium Methosulfate, Sodium Lauroyl Lactylate, Sodium Hyaluronate, Cholesterol, Phenoxyethanol, Disodium EDTA, Dipotassium Phosphate, Tocopherol, Phytosphingosine, Xanthan Gum, Cetyl Alcohol, Polysorbate 20, Ethylhexylglycerin",,https://www.cerave.com/skincare/cleansers/hydrating-facial-cleanser,
cerave-foaming-facial-cleanser,CeraVe,Foaming Facial Cleanser,cleanser,,"AQUA / WATER / EAU, COCAMIDOPROPYL HYDROXYSULTAINE, GLYCERIN, SODIUM LAUROYL SARCOSINATE, PEG-150 PENTAERYTHRITYL TETRASTEARATE, NIACINAMIDE, PEG-6 CAPRYLIC/CAPRIC GLYCERIDES, SODIUM METHYL COCOYL TAURATE, PROPYLENE GLYCOL, CERAMIDE NP, CERAMIDE AP, CERAMIDE EOP, CARBOMER, METHYLPARABEN, SODIUM CHLORIDE, SODIUM LAUROYL LACTYLATE, CHOLESTEROL, DISODIUM EDTA, PROPYLPARABEN, CITRIC ACID, TETRASODIUM EDTA, HYDROLYZED HYALURONIC ACID, PHYTOSPHINGOSINE, XANTHAN GUM",,https://www.cerave.com/skincare/cleansers/foaming-facial-cleanser,
cerave-acne-foaming-cream-cleanser,CeraVe,Acne Foaming Cream Cleanser,cleanser,Benzoyl Peroxide 4%,"Water, Glycerin, Propylene Glycol, Cocamidopropyl Hydroxysultaine, Sodium C14-16 Olefin Sulfonate, Xanthan Gum, Potassium Hydroxide, Ceramide NP, Ceramide AP, Ceramide EOP, Carbomer, Niacinamide, Glycolic Acid, Sodium Chloride, Sodium Citrate, Sodium Hyaluronate, Sodium Lauroyl Lactylate, Sodium Hydroxide, Cholesterol, Phenoxyethanol, Propanediol, Citric Acid, Tetrasodium EDTA, Diethylhexyl Sodium Sulfosuccinate, Phytosphingosine, Ethylhexylglycerin, Benzoic Acid",,https://www.cerave.com/skincare/cleansers/acne-benzoyl-peroxide-cleanser,
cetaphil-gentle-skin-cleanser,Cetaphil,Gentle Skin Cleanser,cleanser,,"Water, Glycerin, Cetearyl Alcohol, Panthenol, Niacinamide, Pantolactone, Xanthan Gum, Sodium Cocoyl Isethionate, Sodium Benzoate, Citric Acid",,https://www.cetaphil.com/us/products/product-categories/all-cleansers/cetaphil-gentle-skin-cleanser/302990110227.html,
vanicream-gentle-facial-cleanser,Vanicream,Gentle Facial Cleanser,cleanser,,"water, glycerin, coco-glucoside, sodium cocoyl glycinate, acrylates copolymer, caprylyl glycol, mica, sodium chloride, 1,2-hexanediol, titanium dioxide, sodium hydroxide, disodium EDTA",,https://www.vanicream.com/product/vanicream-facial-cleanser,
neutrogena-oil-free-acne-wash,Neutrogena,Oil-Free Acne Wash with Salicylic Acid,cleanser,Salicylic Acid 2%,"Water, Sodium C14-16 Olefin Sulfonate, Cocamidopropyl Betaine, Sodium Chloride, Peg-80 Sorbitan Laurate, Citric Acid, Disodium Edta, C12-15 Alkyl Lactate, Benzalkonium Chloride, Fragrance, Cocamidopropyl Pg-Dimonium Chloride Phosphate, Glycerin, Aloe Barbadensis Leaf Extract, Chamomilla Recutita (Matricaria) Flower Extract, Propylene Glycol, Sodium Hydroxide, Yellow 5, Red 40",,https://www.neutrogena.com/products/skincare/oil-free-acne-wash-with-salicylic-acid/6811719,
the-inkey-list-oat-cleansing-balm,The INKEY List,Oat Cleansing Balm,cleanser,,"Prunus Amygdalus Dulcis (Sweet Almond) Oil, PEG-20 Glyceryl Triisostearate, Avena Sativa (Oat) Kernel Oil, Cera Microcristallina, Helianthus Annuus (Sunflower) Seed Wax, Sorbitan Olivate, Polyglyceryl-10 Stearate, Polyglyceryl-6 Caprylate, Polyglyceryl-4 Caprate, Jojoba Esters, Phenoxyethanol, Aqua (Water), Hippophae Rhamnoides (Seaberry) Fruit Oil, Tocopherol, Polyglycerin-3, Acacia Decurrens (Early Green Wattle) Flower Wax, Helianthus Annuus (Sunflower) Seed Oil, Ascorbyl Palmitate",https://cdn.shopify.com/s/files/1/0428/8498/9091/files/Oat_Balm_Cleanser_150ml_Packshot_1000x1000_150ml_0c34cef8-2295-49a9-a94f-628dc4e8a23b.png?v=1787140097,https://www.theinkeylist.com/products/oat-cleansing-balm-150ml,
the-inkey-list-salicylic-acid-cleanser,The INKEY List,Salicylic Acid Cleanser,cleanser,,"Water (Aqua/Eau), Propanediol, Glycerin, Sodium Methyl Cocoyl Taurate, Cocamidopropyl Betaine, PEG-120 Methyl Glucose Dioleate, Salicylic Acid, PEG-150 Pentaerythrityl Tetrastearate, PEG-6 Caprylic/Capric Glycerides, Betaine, Zinc PCA, Phenoxyethanol, Sodium Chloride, Allantoin, Sodium Hydroxide, Coco-Glucoside, Glyceryl Oleate, Benzyl Alcohol, Coconut Acid, Ethylhexylglycerin, Sodium Benzoate, Citric Acid, Dehydroacetic Acid, Trisodium Ethylenediamine Disuccinate, Tocopherol, Hydrogenated Palm Glycerides Citrate",https://cdn.shopify.com/s/files/1/0428/8498/9091/products/TheINKEYList_SalicylicAcidCleaser_150mlbottle_englishandfrenchUSA_1000x1000_4c9deb36-f0ac-48ed-9d80-aec4a948e3bc.png?v=1738662621,https://www.theinkeylist.com/products/salicylic-acid-cleanser,
cosrx-low-ph-good-morning-gel-cleanser,COSRX,Low pH Good Morning Gel Cleanser,cleanser,,"Water, Cocamidopropyl Betaine, Sodium Lauroyl Methyl Isethionate, Sodium Chloride, Polysorbate 20, Styrax Japonicus Branch/Fruit/Leaf Extract, Butylene Glycol, Saccharomyces Ferment, Cryptomeria Japonica Leaf Extract, Nelumbo Nucifera Leaf Extract, Pinus Palustris Leaf Extract, Ulmus Davidiana Root Extract, Oenothera Biennis (Evening Primrose) Flower Extract, Pueraria Lobata Root Extract, Melaleuca Alternifolia (Tea Tree) Leaf Oil, Allantoin, Caprylyl Glycol, Ethylhexylglycerin, Betaine Salicylate, Citric Acid, Ethyl Hexanediol, 1,2-Hexanediol, Trisodium Ethylenediamine Disuccinate, Sodium Benzoate, Disodium EDTA",https://cdn.shopify.com/s/files/1/0513/3775/6828/files/low-ph-good-morning-gel-cleanser-cosrx-official-1.jpg?v=1768785801,https://www.cosrx.com/products/low-ph-good-morning-gel-cleanser,
beauty-of-joseon-green-plum-refreshing-cleanser,Beauty of Joseon,Green Plum Refreshing Cleanser,cleanser,,"Water, Prunus Mume Fruit Water, Cocamidopropyl Hydroxysultaine, Sodium Cocoyl Isethionate, Glycerin, Sodium Chloride, 1,2-Hexanediol, Hydroxyacetophenone, Coconut Acid, Caprylyl Glycol, Ethylhexylglycerin, Citric Acid, Disodium EDTA, Phaseolus Radiatus Seed Extract, Sodium Isethionate, Guar Hydroxypropyltrimonium Chloride, Dextrin, Melia Azadirachta Leaf Extract, Melia Azadirachta Flower Extract, Gardenia Florida Fruit Extract, Propylene Glycol Laurate, Sodium Citrate, Butylene Glycol, Camellia Sinensis Leaf Extract, Houttuynia Cordata Extract, Nelumbo Nucifera Flower Extract, Oryza Sativa (Rice) Extract, Prunus Mume Fruit Extract, Vaccinium Angustifolium (Blueberry) Fruit Extract",https://cdn.shopify.com/s/files/1/0558/4135/7989/files/green-plum-refreshing-cleanser-1-front.webp?v=1770618132,https://beautyofjoseon.com/products/green-plum-refreshing-cleanser,
banila-co-clean-it-zero-cleansing-balm-original,Banila Co,Clean It Zero Cleansing Balm Original,cleanser,,"Ethylhexyl Palmitate, Cetyl Ethylhexanoate, PEG-20 Glyceryl Triisostearate, PEG-10 Isostearate, Synthetic Wax, Onsen-Sui, Phenoxyethanol, Butylene Glycol, Lithospermum Erythrorhizon Root Extract, Tocopheryl Acetate, Fragrance, Ethylhexylglycerin, Water, 1,2-Hexanediol, Bambusa Vulgaris Leaf/Stem Extract, Aspalathus Linearis Extract, Angelica Archangelica Root Extract, Malpighia Glabra (Acerola) Fruit Extract, Polydiethyleneglycol Adipate/IPDI Copolymer, Acrylates/Ammonium Methacrylate Copolymer, Acrylates/Methoxy PEG-15 Methacrylate Copolymer",https://cdn.shopify.com/s/files/1/0266/0158/6797/files/180ml01.jpg?v=1775637077,https://banilausa.com/products/clean-it-zero-cleansing-balm-original,
first-aid-beauty-ultra-gentle-pure-skin-face-cleanser,First Aid Beauty,Ultra Gentle Pure Skin Face Cleanser,cleanser,,"Aqua/Water/Eau, Sodium Cocoyl Isethionate, Glycerin, Stearic Acid, Hydrogenated Coconut Acid, Sodium Isethionate, Stearyl Alcohol, Allantoin, Chrysanthemum Parthenium (Feverfew) Extract, Camellia Sinensis Leaf Extract, Glycyrrhiza Glabra (Licorice) Root Extract, Aloe Barbadensis Leaf Juice, Tocopherol, Hydrogenated Palm Glycerides Citrate, Phenoxyethanol, Disodium Cocoamphodiacetate, Sodium PCA, Hydroxypropyl Methylcellulose, Coco-Glucoside, Glyceryl Oleate, Sodium Chloride, Disodium EDTA, Citric Acid, Potassium Sorbate, Sodium Benzoate, Maltodextrin, Tetrasodium EDTA",https://cdn.shopify.com/s/files/1/0615/7352/9653/files/NEWPureSkinFaceCleanserLEAD6oz.png?v=1783696128,https://www.firstaidbeauty.com/products/ultra-gentle-pure-skin-face-cleanser,
glow-recipe-blueberry-bounce-gentle-cleanser,Glow Recipe,Blueberry Bounce Gentle Cleanser,cleanser,,"Water/Aqua/Eau, Decyl Glucoside, Caulerpa Lentillifera Extract, Beta-Glucan, Sodium Hyaluronate, Vaccinium Angustifolium (Blueberry) Fruit, Glycolic Acid, Lactic Acid, Physalis Peruviana Fruit Extract, Rubus Idaeus (Raspberry) Fruit, Arctostaphylos Uva-Ursi Leaf Extract, Morus Nigra Fruit Extract, Vaccinium Myrtillus Fruit Extract, Scutellaria Baicalensis Root Extract, Paeonia Suffruticosa Root Extract, Glycyrrhiza Glabra (Licorice) Root Extract, Betaine, Sodium Chloride, Glycerin, 1,2-Hexanediol, Butylene Glycol, Fragrance/Parfum",https://cdn.shopify.com/s/files/1/0543/8301/files/5_14_24_PDP_CLAIM_REFRESH_BB_CLEANSER-01.jpg?v=1762197928,https://www.glowrecipe.com/products/glow-recipe-blueberry-bounce-gentle-cleanser,
tatcha-the-rice-wash,Tatcha,The Rice Wash,cleanser,,"AQUA/WATER/EAU, MICROCRYSTALLINE CELLULOSE, PROPANEDIOL, SODIUM COCOYL GLUTAMATE, GLYCERIN, ACRYLATES COPOLYMER, SODIUM CAPROYL METHYLTAURATE, COCO-BETAINE, PARFUM/FRAGRANCE, SACCHAROMYCES/CAMELLIA SINENSIS LEAF/CLADOSIPHON OKAMURANUS/RICE FERMENT FILTRATE*, ORYZA SATIVA (RICE) POWDER, CHONDRUS CRISPUS EXTRACT, SODIUM HYALURONATE, BETAPHYCUS GELATINUM EXTRACT, LAURYL GLUCOSIDE, POTASSIUM HYDROXIDE, POLYQUATERNIUM-39, SODIUM CARBONATE, GLUCONOLACTONE, CITRUS AURANTIUM BERGAMIA PEEL OIL, CITRUS LIMON PEEL OIL, LAVANDULA OIL/EXTRACT, LIMONENE, LINALOOL, LINALYL ACETATE, PINENE, PHENOXYETHANOL, ETHYLHEXYLGLYCERIN, SODIUM BENZOATE, ALCOHOL",https://cdn.shopify.com/s/files/1/0949/3328/7221/files/TheRiceWash-Omi-FullSize-MainImage-1200x1200.jpg?v=1788791131,https://tatcha.com/products/rice-wash-soft-cream-cleanser,
drunk-elephant-beste-no-9-jelly-cleanser,Drunk Elephant,Beste No. 9 Jelly Cleanser,cleanser,,"Water/Aqua/Eau, Glycerin, Cocamidopropyl Betaine, Coco-Glucoside, Sodium Lauroyl Methyl Isethionate, Cocamidopropyl Hydroxysultaine, Sodium Methyl Oleoyl Taurate, Propanediol, Aloe Barbadensis Leaf Extract, Glycolipids, Linoleic Acid, Linolenic Acid, Lauryl Glucoside, Cucumis Melo Cantalupensis Fruit Extract, Sclerocarya Birrea Seed Oil, Dipotassium Glycyrrhizate, Tocopherol, Citric Acid, Phenoxyethanol, Sodium Hydroxide, Sodium Benzoate, Sodium Chloride, Polylysine",,https://www.drunkelephant.com/beste-no.-9-jelly-cleanser-812343032415.html,
round-lab-1025-dokdo-cleanser,Round Lab,1025 Dokdo Cleanser,cleanser,,"Water, Sodium Cocoyl Isethionate, Glycerin, Sodium Methyl Cocoyl Taurate, Coco-Betaine, Potassium Cocoyl Glycinate, Potassium Benzoate, Sodium Chloride, Polyquaternium-67, Potassium Cocoate, Citric Acid, Fructooligosaccharides, Saccharide Hydrolysate, Disodium EDTA, Pullulan, 1,2-Hexanediol, Allantoin, Panthenol, Sea Water, Sodium Acetate, Butylene Glycol, Chamomilla Recutita (Matricaria) Flower Oil, Caprylic/Capric Triglyceride, Beta-Glucan, Phosphatidylcholine, Hyaluronic Acid, Ethylhexylglycerin, Ceramide NP, Glycine, Hydrolyzed Hyaluronic Acid, Glutamic Acid, Serine, Sodium Hyaluronate, Lysine, Alanine, Arginine, Threonine, Proline",https://cdn.shopify.com/s/files/1/0651/7656/8022/files/Dokdo_cleanser_renewed.webp?v=1772852868,https://roundlab.com/products/1025-dokdo-cleanser,
the-ordinary-squalane-cleanser,The Ordinary,Squalane Cleanser,cleanser,,"Squalane, Aqua (Water), Coco-Caprylate/Caprate, Glycerin, Sucrose Stearate, Ethyl Macadamiate, Caprylic/Capric Triglyceride, Hydrogenated Starch Hydrolysate, Sucrose Laurate, Polyacrylate Crosspolymer-6, Isoceteth-20, Sodium Polyacrylate, Tocopherol, Hydroxymethoxyphenyl Decanone, Trisodium Ethylenediamine Disuccinate, Malic Acid, Ethylhexylglycerin, Chlorphenesin",,https://theordinary.com/en-us/squalane-face-cleanser-100446.html,
differin-adapalene-gel,Differin,Adapalene Gel 0.1% Acne Treatment,treatment,Adapalene 0.1%,"Carbomer 940, Edetate Disodium, Methylparaben, Poloxamer 182, Propylene Glycol, Purified Water, Sodium Hydroxide",,https://differin.com/shop/differin-gel/3029949.html,
cerave-resurfacing-retinol-serum,CeraVe,Resurfacing Retinol Serum,treatment,,"AQUA/WATER/EAU, PROPANEDIOL, DIMETHICONE, CETEARYL ETHYLHEXANOATE, NIACINAMIDE, AMMONIUM POLYACRYLOYLDIMETHYL TAURATE, DIPOTASSIUM GLYCYRRHIZATE, HYDROGENATED LECITHIN, POTASSIUM PHOSPHATE, CERAMIDE NP, CERAMIDE AP, CERAMIDE EOP, CARBOMER, CETEARYL ALCOHOL, BEHENTRIMONIUM METHOSULFATE, DIMETHICONOL, LECITHIN, SODIUM CITRATE, RETINOL, SODIUM HYALURONATE, SODIUM LAUROYL LACTYLATE, CHOLESTEROL, PHENOXYETHANOL, ALCOHOL, ISOPROPYL MYRISTATE, CAPRYLYL GLYCOL, CITRIC ACID, TRISODIUM ETHYLENEDIAMINE DISUCCINATE, PENTYLENE GLYCOL, PHYTOSPHINGOSINE, XANTHAN GUM, POLYSORBATE 20, ETHYLHEXYLGLYCERIN",,https://www.cerave.com/skincare/facial-serums/resurfacing-retinol-serum,
neutrogena-rapid-wrinkle-repair-serum,Neutrogena,Rapid Wrinkle Repair Serum,treatment,,"Water, Dimethicone, Aluminum Starch Octenylsuccinate, Dimethicone Crosspolymer, Ammonium Acryloyldimethyltaurate/ Vp Copolymer, Trisiloxane, Nylon-12, C12-15 Alkyl Benzoate, Ascorbyl Glucoside, Glycerin, Caprylyl Glycol, Polyacrylamide, Xanthan Gum, Fragrance, C13-14 Isoparaffin, Sodium Hyaluronate, Sodium Lactate, Hydrolyzed Myrtus Communis Leaf Extract, Sodium Hydroxide, Bht, Disodium Edta, Polysorbate 20, Laureth-7, Retinol, Sodium Pca, Sorbitol, Proline, Hinokitiol, Mica, Titanium Dioxide",,https://www.neutrogena.com/products/skincare/rapid-wrinkle-repair-serum/6812014,
the-ordinary-niacinamide-10-zinc-1,The Ordinary,Niacinamide 10% + Zinc 1%,treatment,,"Aqua (Water), Niacinamide, Pentylene Glycol, Zinc PCA, Dimethyl Isosorbide, Tamarindus Indica Seed Gum, Xanthan Gum, Isoceteth-20, Ethoxydiglycol, Phenoxyethanol, Chlorphenesin",,https://theordinary.com/en-us/niacinamide-10-zinc-1-serum-100436.html,
the-ordinary-hyaluronic-acid-2-b5-with-ceramides,The Ordinary,Hyaluronic Acid 2% + B5 (with Ceramides),treatment,,"Aqua (Water), Sodium Hyaluronate, Propanediol, Pentylene Glycol, Hydrolyzed Hyaluronic Acid, Sodium Hyaluronate Crosspolymer, Phospholipids, Sphingolipids, Panthenol, Ahnfeltiopsis Concinna Extract, Glycerin, Polysorbate 20, Citric Acid, Sodium Citrate, p-Anisic Acid, Tocopherol, Trisodium Ethylenediamine Disuccinate, Caprylyl Glycol, Ethoxydiglycol, Ethylhexylglycerin, Hexylene Glycol, Phenoxyethanol, Chlorphenesin",,https://theordinary.com/en-us/hyaluronic-acid-2-b5-serum-with-ceramides-100637.html,
the-ordinary-azelaic-acid-suspension-10,The Ordinary,Azelaic Acid Suspension 10%,treatment,,"Aqua (Water), Isodecyl Neopentanoate, Dimethicone, Azelaic Acid, Dimethicone/Bis-Isobutyl Ppg-20 Crosspolymer, Dimethyl Isosorbide, Hydroxyethyl Acrylate/Sodium Acryloyldimethyl Taurate Copolymer, Polysilicone-11, Isohexadecane, Tocopherol, Trisodium Ethylenediamine Disuccinate, Isoceteth-20, Polysorbate 60, Triethanolamine, Ethoxydiglycol, Phenoxyethanol, Chlorphenesin",,https://theordinary.com/en-us/azelaic-acid-suspension-10-exfoliator-100407.html,
the-inkey-list-starter-retinol-serum,The INKEY List,Starter Retinol Serum,treatment,,"Water (Aqua / Eau), Glycerin, Dicaprylyl Carbonate, Propanediol, Candelilla/Jojoba/Rice Bran Polyglyceryl-3 Esters, Glyceryl Stearate, Cetyl Alcohol, Cyclodextrin, Glyceryl Behenate, Phenoxyethanol, Hydroxyethyl Acrylate/Sodium Acryloyldimethyl Taurate Copolymer, Sodium Stearoyl Lactylate, Cetearyl Alcohol, Squalane, Phospholipids, Xanthan Gum, Bisabolol, Glycine Soja (Soybean) Oil, Polysorbate 60, Ethylhexylglycerin, Sodium Phytate, Glucosylrutin, Hydroxypinacolone Retinoate, Caprylic/Capric Triglyceride, Glycolipids, Citric Acid, Sorbitan Isostearate, Polysorbate 80, Glycine Soja (Soybean) Sterols, Retinal, Sucrose Laurate, Tocopherol, Zingiber Officinale (Ginger) Root Extract, 1,2-Hexanediol, Hydroxyacetophenone, Inulin Lauryl Carbamate",https://cdn.shopify.com/s/files/1/0428/8498/9091/files/Starter_Retinol_Packshot_1000x1000_b7d15472-9c98-4946-ac2a-d89ab52284cb.png?v=1790154239,https://www.theinkeylist.com/products/starter-retinol,
the-inkey-list-15-vitamin-c-egf-serum,The INKEY List,15% Vitamin C + EGF Serum,treatment,,"Aqua (Water/Eau), Ascorbyl Glucoside, Sodium Hydroxide, PEG-40 Hydrogenated Castor Oil, Phenoxyethanol, Benzyl Alcohol, Butylene Glycol, Xanthan Gum, Ethylhexylglycerin, Sodium Metabisulfite, Dehydroacetic Acid, Phytic Acid, Oligopeptide-1",https://cdn.shopify.com/s/files/1/0428/8498/9091/files/TheINKEYList_15_VitaminCandEGFSerum_30mlpump_1000x1000_a2760d18-e65d-4fd8-ba49-74e43e26bdd8.png?v=1682516848,https://www.theinkeylist.com/products/15-vitamin-c-egf-serum,
naturium-niacinamide-serum-12-zinc-2,Naturium,Niacinamide Serum 12% Plus Zinc 2%,treatment,,"Water, Niacinamide, Propanediol, Glycerin, Zinc PCA, Polyacrylate Crosspolymer-11, Sodium Hyaluronate, Dimethicone, Caprylyl Glycol, Phenoxyethanol, Xanthan Gum, Potassium Sorbate, Glyceryl Polyacrylate, Tocopheryl Acetate, Hexylene Glycol, Citric Acid",https://cdn.shopify.com/s/files/1/0105/2265/6823/files/NATR_NiacinamideSerum_Anniv_Front_CapOn_ecomm.webp?v=1774292312,https://naturium.com/products/niacinamide-serum-12-plus-zinc-2,
cosrx-advanced-snail-96-mucin-power-essence,COSRX,Advanced Snail 96 Mucin Power Essence,treatment,,"Snail Secretion Filtrate, Betaine, Butylene Glycol, 1,2-Hexanediol, Sodium Polyacrylate, Phenoxyethanol, Sodium Hyaluronate, Allantoin, Ethyl Hexanediol, Carbomer, Panthenol, Arginine, Aqua/Water",https://cdn.shopify.com/s/files/1/0513/3775/6828/files/james_800x1067_1_1_4e9750cc-2cd6-4817-ace5-be2305a85806.jpg?v=1763111577,https://www.cosrx.com/products/advanced-snail-96-mucin-power-essence,
cosrx-bha-blackhead-power-liquid,COSRX,BHA Blackhead Power Liquid,treatment,,"Salix Alba (Willow) Bark Water, Butylene Glycol, Betaine Salicylate, Niacinamide, 1,2-Hexanediol, Arginine, Panthenol, Sodium Hyaluronate, Xanthan Gum, Ethyl Hexanediol",https://cdn.shopify.com/s/files/1/0513/3775/6828/files/bha-blackhead-power-liquid-cosrx-official-1.jpg?v=1689840681,https://www.cosrx.com/products/bha-blackhead-power-liquid,
beauty-of-joseon-glow-serum-propolis-niacinamide,Beauty of Joseon,Glow Serum: Propolis + Niacinamide,treatment,,"Water, Dipropylene Glycol, Glycerin, Butylene Glycol, Propolis Extract, Niacinamide, 1,2-Hexanediol, Betaine Salicylate, Sodium Polyacryloyldimethyl Taurate, Tromethamine, Polyglyceryl-10 Laurate, Xanthan Gum, Carbomer, Ethylhexylglycerin, Melia Azadirachta Flower Extract, Ocimum Sanctum Leaf Extract, Melia Azadirachta Leaf Extract, Sodium Hyaluronate, Curcuma Longa (Turmeric) Root Extract, Dextrin, Theobroma Cacao (Cocoa) Extract, Corallina Officinalis Extract, Melaleuca Alternifolia (Tea Tree) Extract, Centella Asiatica Extract, Methylpropanediol, Lotus Corniculatus Seed Extract, Pentylene Glycol, Octanediol, Calophyllum Inophyllum Seed Oil, Tocopherol",https://cdn.shopify.com/s/files/1/0558/4135/7989/files/glow-serum-propolis-niacinamide-1-front.webp?v=1770278801,https://beautyofjoseon.com/products/glow-serum-propolis-niacinamide,
skin1004-madagascar-centella-ampoule,SKIN1004,Madagascar Centella Ampoule,treatment,,"Water, Glycerin, Butylene Glycol, Centella Asiatica Extract, 1,2-Hexanediol, Cellulose Gum, Ethylhexylglycerin",https://cdn.shopify.com/s/files/1/0590/4538/0253/files/skin1004-ampoule-serum-centella-ampoule-1253199402.jpg?v=1786012992,https://www.skin1004.com/products/skin1004-madagascar-centella-ampoule,
anua-niacinamide-10-txa-4-serum,Anua,Niacinamide 10% + TXA 4% Serum,treatment,,"Water, Glycerin, Niacinamide, Tranexamic Acid, Butylene Glycol, Diethoxyethyl Succinate, 1,2-Hexanediol, Arbutin, Sodium Hyaluronate, Alpha-Arbutin, Coccinia Indica Fruit Extract, Eclipta Prostrata Extract, Macadamia Integrifolia Seed Oil, Olea Europaea (Olive) Fruit Oil, Simmondsia Chinensis (Jojoba) Seed Oil, Vitis Vinifera (Grape) Seed Oil, Theobroma Cacao (Cocoa) Extract, Hydrolyzed Hyaluronic Acid, Chamaecyparis Obtusa Leaf Extract, Prunus Persica (Peach) Flower Extract, Camellia Sinensis Seed Oil, Yeast Ferment Extract, Centella Asiatica Extract, Artemisia Princeps Leaf Extract, Candida Bombicola/Glucose/Methyl Rapeseedate Ferment, Hyaluronic Acid, Pentylene Glycol, Betaine Salicylate, Sucrose Palmitate, Hydrogenated Lecithin, Gellan Gum, Sodium Phytate, Cellulose, Caprylic/Capric Triglyceride, Panthenol, Cyanocobalamin, Polyglutamic Acid, 3-O-Ethyl Ascorbic Acid, Ceramide NP, Dextrin, Asiaticoside, Madecassic Acid, Asiatic Acid, Dimethylsilanol Hyaluronate, Hydrolyzed Sodium Hyaluronate, Potassium Hyaluronate, Hydroxypropyltrimonium Hyaluronate, Sodium Hyaluronate Crosspolymer, Sodium Hyaluronate Dimethylsilanol, Sodium Acetylated Hyaluronate, Xanthan Gum",https://cdn.shopify.com/s/files/1/0753/1429/9158/files/anua-global-ampoule-serum-niacinamide-10-txa-4-serum-for-brightening-and-dark-spots-1239193722.jpg?v=1779177130,https://anua.com/products/niacinamide-10-txa-4-serum-2,
torriden-dive-in-serum,Torriden,DIVE-IN Low Molecular Hyaluronic Acid Serum,treatment,,"Water, Butylene Glycol, Glycerin, Dipropylene Glycol, 1,2-Hexanediol, Panthenol, Sodium Hyaluronate, Hydrolyzed Hyaluronic Acid, Sodium Acetylated Hyaluronate, Sodium Hyaluronate Crosspolymer, Hydrolyzed Sodium Hyaluronate, Allantoin, Trehalose, Betaine, Propanediol, Portulaca Oleracea Extract, Hamamelis Virginiana (Witch Hazel) Leaf Extract, Madecassoside, Madecassic Acid, Ceramide NP, Beta-Glucan, Malachite Extract, Cholesterol, Pentylene Glycol, Glyceryl Acrylate/Acrylic Acid Copolymer, PVM/MA Copolymer, Polyglyceryl-10 Laurate, Xanthan Gum, Tromethamine, Carbomer, Ethylhexylglycerin, Scutellaria Baicalensis Root Extract, Paeonia Suffruticosa Root Extract",https://cdn.shopify.com/s/files/1/0920/1644/3758/files/DIVEINSerum1_631ac0e3-a77b-422a-a806-bf34477cac19.jpg?v=1753346213,https://torriden.us/products/dive-in-serum,
glow-recipe-watermelon-glow-niacinamide-dew-drops,Glow Recipe,Watermelon Glow Niacinamide Dew Drops,treatment,,"Aqua/Water/Eau, Propanediol, Glycereth-26, Glycerin, Niacinamide, 2,3-Butanediol, 1,2-Hexanediol, Cetyl Ethylhexanoate, Citrullus Lanatus Fruit Extract, Sodium Hyaluronate, Eclipta Prostrata Extract, Melia Azadirachta Leaf Extract, Polyglyceryl-3 Methylglucose Distearate, Tromethamine, Glyceryl Stearate, Carbomer, Acrylates/C10-30 Alkyl Acrylate Crosspolymer, Ethylhexylglycerin, Xanthan Gum, Polyquaternium-51, Moringa Oleifera Seed Oil, Fragrance/Parfum, Benzyl Benzoate",https://cdn.shopify.com/s/files/1/0543/8301/files/10_21_2410_21_24_WM_DEWDROPS-_1.jpg?v=1762197997,https://www.glowrecipe.com/products/watermelon-glow-niacinamide-dew-drops,
tatcha-the-silk-serum,Tatcha,The Silk Serum,treatment,,"AQUA/WATER/EAU, SACCHAROMYCES/RICE FERMENT FILTRATE, GLYCERIN, BETAINE, PENTYLENE GLYCOL, CAPRYLIC/CAPRIC TRIGLYCERIDE, PROPANEDIOL, PARFUM/FRAGRANCE, VACCINIUM MACROCARPON (CRANBERRY) FRUIT EXTRACT, CRITHMUM MARITIMUM EXTRACT, CAMELLIA SINENSIS LEAF EXTRACT, CLADOSIPHON OKAMURANUS EXTRACT, SQUALANE, SERICIN, MORUS ALBA LEAF EXTRACT, HYDROLYZED SILK, CARTHAMUS TINCTORIUS (SAFFLOWER) SEED OIL, TETRAPEPTIDE-4, POLYGLYCERYL-10 STEARATE, DIGLUCOSYL GALLIC ACID, HELIANTHUS ANNUUS (SUNFLOWER) SEED OIL, HYDROLYZED CONCHIOLIN PROTEIN, CAPRYLYL GLYCOL, ACRYLATES/C10-30 ALKYL ACRYLATE CROSSPOLYMER, 1,2-HEXANEDIOL, BUTYLENE GLYCOL, SODIUM CITRATE, CITRIC ACID, POTASSIUM HYDROXIDE, SYNTHETIC FLUORPHLOGOPITE, CITRAL, LIMONENE, LINALOOL, ETHYLHEXYLGLYCERIN, PHENOXYETHANOL, TITANIUM DIOXIDE (CI 77891), TIN OXIDE (CI 77861)",https://cdn.shopify.com/s/files/1/0949/3328/7221/files/TheSilkSerum-pdp-Aug26-Omi-FullSize-MainImage-1200x1200.jpg?v=1788791130,https://tatcha.com/products/the-silk-serum-wrinkle-smoothing-treatment,
drunk-elephant-c-firma-fresh-day-serum,Drunk Elephant,C-Firma Fresh Day Serum,treatment,,"Water/Aqua/Eau, Dimethyl Isosorbide, Ascorbic Acid, Laureth-23, Glycerin, Tocopherol, Lactobacillus/Pumpkin Ferment Extract, Sclerocarya Birrea Seed Oil, Dipotassium Glycyrrhizate, Glycyrrhiza Glabra (Licorice) Root Extract, Vitis Vinifera (Grape) Juice Extract, Ferulic Acid, Phyllanthus Emblica Fruit Extract, Camellia Sinensis Leaf Extract, Lactobacillus/Punica Granatum Fruit Ferment Extract, Propanediol, Gluconolactone, Sodium Hyaluronate Crosspolymer, Sodium Hyaluronate, Oryza Sativa (Rice) Bran Extract, Glutamylamidoethyl Imidazole, Tetrahydrobisdemethoxydiferuloylmethane, Tetrahydrodemethoxydiferuloylmethane, Tetrahydrodiferuloylmethane, Pentylene Glycol, Caprylhydroxamic Acid, Leuconostoc/Radish Root Ferment Filtrate, Sorbic Acid, Phenoxyethanol, Sodium Benzoate, Caprylyl Glycol, Chondrus Crispus (Carrageenan) Extract, Ethylhexylglycerin",,https://www.drunkelephant.com/collections/serums/c-firma-fresh-vitamin-c-day-serum-812343034358.html,
drunk-elephant-a-passioni-retinol-cream,Drunk Elephant,A-Passioni Retinol Cream,treatment,,"Water/Aqua/Eau, Glycerin, Coco-Caprylate, Stearic Acid, Coconut Alkanes, Glyceryl Stearate, Niacinamide, Caprylic/Capric Triglyceride, Cetearyl Alcohol, Pentylene Glycol, Passiflora Edulis Seed Oil, Retinol, Simmondsia Chinensis (Jojoba) Seed Oil, Sclerocarya Birrea Seed Oil, Prunus Armeniaca (Apricot) Kernel Oil, Cetyl Ethylhexanoate, Palmitoyl Tripeptide-1, Palmitoyl Tetrapeptide-7, Brassica Oleracea Acephala Leaf Extract, Brassica Oleracea Italica (Broccoli) Extract, Tetrahexyldecyl Ascorbate, Chrysin, Persea Gratissima (Avocado) Oil, Linoleic Acid, Linolenic Acid, Ceramide NP, Xanthophylls, Phytosphingosine, Phytosterols, Jojoba Esters, Physalis Pubescens Fruit Juice, Stearyl Glycyrrhetinate, Oryza Sativa (Rice Bran) Extract, Glycine Soja (Soybean) Oil, Carthamus Tinctorium (Safflower) Seed Oil, Palmitoyl Hexapeptide-12, Cetyl Palmitate, Trehalose, Lauric Acid, Sodium Hyaluronate Crosspolymer, Olea Europaea (Olive) Fruit Oil, Glucosamine HCL, Tocopheryl Acetate, Coco-Caprylate/Caprate, Pisum Sativum (Pea) Extract, Tocopherol, Bambusa Vulgaris Leaf/Stem Extract, Phenoxyethanol, Caprylyl Glycol, Carbomer, Trideceth-6 Phosphate, N-Hydroxysuccinimide, Ceteareth-20, Sodium Hydroxide, Laureth-23, Steareth-20, Propanediol, Chlorhexidine Digluconate, Polysorbate 20, Trisodium Ethylenediamine Disuccinate, Chlorphenesin, Potassium Sorbate, Ethylhexylglycerin",,https://www.drunkelephant.com/a-passioni-retinol-cream-812343032392.html,
cerave-moisturizing-cream,CeraVe,Moisturizing Cream,moisturizer,,"AQUA / WATER / EAU, GLYCERIN, CETEARYL ALCOHOL, CAPRYLIC/CAPRIC TRIGLYCERIDE, CETYL ALCOHOL, CETEARETH-20, PETROLATUM, POTASSIUM PHOSPHATE, CERAMIDE NP, CERAMIDE AP, CERAMIDE EOP, CARBOMER, DIMETHICONE, BEHENTRIMONIUM METHOSULFATE, SODIUM LAUROYL LACTYLATE, SODIUM HYALURONATE, CHOLESTEROL, PHENOXYETHANOL, DISODIUM EDTA, DIPOTASSIUM PHOSPHATE, TOCOPHEROL, PHYTOSPHINGOSINE, XANTHAN GUM, ETHYLHEXYLGLYCERIN",,https://www.cerave.com/skincare/moisturizers/moisturizing-cream,
cerave-pm-facial-moisturizing-lotion,CeraVe,PM Facial Moisturizing Lotion,moisturizer,,"AQUA / WATER / EAU, GLYCERIN, CAPRYLIC/CAPRIC TRIGLYCERIDE, NIACINAMIDE, CETEARYL ALCOHOL, POTASSIUM PHOSPHATE, CERAMIDE NP, CERAMIDE AP, CERAMIDE EOP, CARBOMER, DIMETHICONE, CETEARETH-20, BEHENTRIMONIUM METHOSULFATE, SODIUM LAUROYL LACTYLATE, SODIUM HYALURONATE, CHOLESTEROL, PHENOXYETHANOL, DISODIUM EDTA, DIPOTASSIUM PHOSPHATE, CAPRYLYL GLYCOL, PHYTOSPHINGOSINE, XANTHAN GUM, POLYGLYCERYL-3 DIISOSTEARATE, ETHYLHEXYLGLYCERIN",,https://www.cerave.com/skincare/moisturizers/pm-facial-moisturizing-lotion,
cetaphil-moisturizing-cream,Cetaphil,Moisturizing Cream,moisturizer,,"Water, Glycerin, Petrolatum, Dicaprylyl Ether, Dimethicone, Glyceryl Stearate, Cetyl Alcohol, Helianthus Annuus (Sunflower) Seed Oil, Peg-30 Stearate, Panthenol, Niacinamide, Prunus Amygdalus Dulcis (Sweet Almond) Oil, Tocopheryl Acetate, Pantolactone, Dimethiconol, Acrylates/C10-30 Alkyl Acrylate Crosspolymer, Carbomer, Propylene Glycol, Disodium Edta, Benzyl Alcohol, Phenoxyethanol, Sodium Hydroxide, Citric Acid",,https://www.cetaphil.com/us/products/product-categories/all-moisturizers/moisturizing-cream/302993917564.html,
vanicream-daily-facial-moisturizer,Vanicream,Daily Facial Moisturizer,moisturizer,,"water, squalane, glycerin, pentylene glycol, polyglyceryl-2 stearate, glyceryl stearate, stearyl alcohol, hyaluronic acid, ceramide EOP, ceramide NG, ceramide NP, ceramide AS, ceramide AP, carnosine, hydrogenated lecithin, phytosterols, caprylyl glycol, polyacrylate crosspolymer-11, 1,2-hexanediol",,https://www.vanicream.com/product/vanicream-daily-facial-moisturizer,
neutrogena-hydro-boost-water-gel-fragrance-free,Neutrogena,Hydro Boost Water Gel (Fragrance Free),moisturizer,,"Water, Glycerin, Dimethicone, Cetearyl Olivate, Sorbitan Olivate, Sodium Hyaluronate, Serine, Glycine, Alanine, Threonine, Arginine, Proline, Lysine Hci, Glutamic Acid, Sodium Pca, Pca, Sodium Lactate, Urea, Sodium Chloride, Citric Acid, Betaine, Allantoin, Fructose, Maltose, Trehalose, Glucose, Pentylene Glycol, Synthetic Beeswax, Polyacrylate Crosspolymer-6, Dimethicone Crosspolymer, Dimethiconol, Ethylhexylglycerin, Caprylyl Glycol, Sodium Hydroxide",,https://www.neutrogena.com/products/skincare/neutrogena-hydro-boost-water-gel-fragrance-free-moisturizer/6806482,
the-ordinary-natural-moisturizing-factors-ha,The Ordinary,Natural Moisturizing Factors + HA,moisturizer,,"Aqua (Water), Caprylic/Capric Triglyceride, Cetyl Alcohol, Propanediol, Stearyl Alcohol, Glycerin, Sodium Hyaluronate, Arginine, Aspartic Acid, Glycine, Alanine, Serine, Valine, Isoleucine, Proline, Threonine, Histidine, Phenylalanine, Glucose, Maltose, Fructose, Trehalose, Sodium PCA, PCA, Sodium Lactate, Urea, Allantoin, Linoleic Acid, Oleic Acid, Phytosteryl Canola Glycerides, Palmitic Acid, Stearic Acid, Lecithin, Triolein, Tocopherol, Carbomer, Isoceteth-20, Polysorbate 60, Sodium Chloride, Citric Acid, Trisodium Ethylenediamine Disuccinate, Pentylene Glycol, Triethanolamine, Sodium Hydroxide, Phenoxyethanol, Chlorphenesin",,https://theordinary.com/en-us/natural-moisturizing-factors-ha-moisturizer-100435.html,
cosrx-advanced-snail-92-all-in-one-cream,COSRX,Advanced Snail 92 All in One Cream,moisturizer,,"Snail Secretion Filtrate, Betaine, Caprylic/Capric Triglyceride, Butylene Glycol, Cetearyl Olivate, Sorbitan Olivate, Cetearyl Alcohol, Carbomer, Ethyl Hexanediol, Phenoxyethanol, Arginine, Dimethicone, Sodium Polyacrylate, Sodium Hyaluronate, Allantoin, Palmitic Acid, Panthenol, Xanthan Gum, Stearic acid, Adenosine, Water, Myristic Acid",https://cdn.shopify.com/s/files/1/0513/3775/6828/files/snail_cream_thumbnail.png?v=1748420673,https://www.cosrx.com/products/advanced-snail-92-all-in-one-cream,
beauty-of-joseon-dynasty-cream,Beauty of Joseon,Dynasty Cream,moisturizer,,"Water, Glycerin, Hydrogenated Polydecene, 1,2-Hexanediol, Niacinamide, Squalane, Butylene Glycol, Propanediol, Butylene Glycol Dicaprylate/Dicaprate, Cetearyl Olivate, Sorbitan Olivate, Ammonium Acryloyldimethyltaurate/VP Copolymer, Xanthan Gum, Panax Ginseng Root Water, Acrylates/C10-30 Alkyl Acrylate Crosspolymer, Tromethamine, Carthamus Tinctorius (Safflower) Seed Oil, Hydrogenated Coconut Oil, Glyceryl Acrylate/Acrylic Acid Copolymer, Oryza Sativa (Rice) Bran Water, Ethylhexylglycerin, Adenosine, Caprylic/Capric Triglyceride, Disodium EDTA, Hyaluronic Acid, Hydrolyzed Hyaluronic Acid, Sodium Hyaluronate, Honey Extract, Ceramide NP, Hydrogenated Lecithin, Coptis Japonica Root Extract, Raphanus Sativus (Radish) Seed Extract, Theobroma Cacao (Cocoa) Seed Extract, Lycium Chinense Fruit Extract, Dextrin, Phellinus Linteus Extract, Scutellaria Baicalensis Root Extract",,https://beautyofjoseon.com/products/dynasty-cream,
beauty-of-joseon-red-bean-water-gel,Beauty of Joseon,Red Bean Water Gel,moisturizer,,"Water, Butylene Glycol, Glycerin, 1,2-Hexanediol, Methyl Trimethicone, Phaseolus Angularis Seed Extract, Acrylates/C10-30 Alkyl Acrylate Crosspolymer, Tromethamine, Glyceryl Glucoside, C12-14 Alketh-12, Maltodextrin, Ammonium Acryloyldimethyltaurate/VP Copolymer, Dimethicone/Vinyl Dimethicone Crosspolymer, Dimethicone Crosspolymer, Ethylhexylglycerin, Betaine, Panthenol, Allantoin, Dipotassium Glycyrrhizate, Polyquaternium-51, Xanthan Gum, Disodium EDTA, Glyceryl Acrylate/Acrylic Acid Copolymer, Dioscorea Japonica Root Extract, Glucose, Sodium Citrate, Beta-Glucan, Hydrolyzed Corn Starch, Citric Acid, Sucrose, Magnesium Ascorbyl Phosphate, Caprylyl Glycol, Helianthus Annuus (Sunflower) Seed Oil, Tocopherol, Cyanocobalamin, Glycine, Serine, Glutamic Acid, Aspartic Acid, Leucine, Acetyl Hexapeptide-8, Alanine, Lysine, Arginine, Tyrosine, Phenylalanine, Proline, Threonine, Valine, Isoleucine, Histidine, Cysteine, Methionine, Phosphoric Acid, Ascorbic Acid, sh-Oligopeptide-1, sh-Oligopeptide-2, sh-Polypeptide-1",https://cdn.shopify.com/s/files/1/0558/4135/7989/files/red-bean-water-gel-1-front.webp?v=1770286899,https://beautyofjoseon.com/products/red-bean-water-gel,
round-lab-birch-moisturizing-cream,Round Lab,Birch Moisturizing Cream,moisturizer,,"Water, Glycerin, Isononyl Isononanoate, Isododecane, 1,2-Hexanediol, Pentylene Glycol, Polydecene, Betula Platyphylla Japonica Juice(10,000ppm), Jojoba Esters, Panthenol, Glyceryl Glucoside, Acacia Senegal Gum, Hydrolyzed Hibiscus Esculentus Extract, Sodium Hyaluronate, Hyaluronic Acid, Lupinus Albus Seed Extract, Moringa Oleifera Seed Extract, Melia Azadirachta Leaf Extract, Melia Azadirachta Flower Extract, Coccinia Indica Fruit Extract, Aloe Barbadensis Flower Extract, Solanum Melongena (Eggplant) Fruit Extract, Ocimum Sanctum Leaf Extract, Corallina Officinalis Extract, Curcuma Longa (Turmeric) Root Extract, Ascorbic Acid, Pentaerythrityl Tetraethylhexanoate, Ammonium Acryloyldimethyltaurate/VP Copolymer, Polyglyceryl-3 Methylglucose Distearate, Acrylates/C10-30 Alkyl Acrylate Crosspolymer, Tromethamine, Glyceryl Acrylate/Acrylic Acid Copolymer, Ethylhexylglycerin, Agar, Dipotassium Glycyrrhizate, Glyceryl Caprylate, Butylene Glycol, Disodium EDTA",https://cdn.shopify.com/s/files/1/0651/7656/8022/files/birch-moisturizing-cream-round-lab-3.jpg?v=1775165383,https://roundlab.com/products/birch-moisturizing-cream,
torriden-dive-in-soothing-cream,Torriden,DIVE-IN Soothing Cream,moisturizer,,"Water, Butylene Glycol, Glycerin, 1,2-Hexanediol, Hydrogenated Didecene, Allantoin, Trehalose, Hamamelis Virginiana (Witch Hazel) Extract, Panthenol, Hydrolyzed Hyaluronic Acid, Sodium Hyaluronate, Sodium Hyaluronate Crosspolymer, Sodium Acetylated Hyaluronate, Hydrolyzed Sodium Hyaluronate, Glyceryl Acrylate/Acrylic Acid Copolymer, PVM/MA Copolymer, Hydroxyethyl Acrylate/Sodium Acryloyldimethyl Taurate Copolymer, 2,3-Butanediol, Cetearyl Alcohol, C14-22 Alcohols, C12-20 Alkyl Glucoside, Pentylene Glycol, Sorbitan Isostearate, Caprylic/Capric Triglyceride, Melia Azadirachta Leaf Extract, Melia Azadirachta Flower Extract, Coccinia Indica Fruit Extract, Solanum Melongena (Eggplant) Fruit Extract, Ocimum Sanctum Leaf Extract, Curcuma Longa (Turmeric) Root Extract, Corallina Officinalis Extract, Salvia Sclarea (Clary) Extract, Lavandula Angustifolia (Lavender) Flower Extract, Hyacinthus Orientalis (Hyacinth) Extract, Chamomilla Recutita (Matricaria) Flower Extract, Centaurea Cyanus Flower Extract, Borago Officinalis Extract, Disodium EDTA, Carbomer, Tromethamine, Xanthan Gum, Glutathione, Malachite Extract, Ethylhexylglycerin",https://cdn.shopify.com/s/files/1/0920/1644/3758/files/DIVEINSoothingCream-jar-1_64bb3003-ef23-44bd-bb46-0f50fae2eee7.jpg?v=1753346446,https://torriden.us/products/dive-in-soothing-cream,
skin1004-madagascar-centella-soothing-cream,SKIN1004,Madagascar Centella Soothing Cream,moisturizer,,"Water, Glycerin, Propanediol, Dipropylene Glycol, Cyclopentasiloxane, Centella Asiatica Extract, 1,2-Hexanediol, Cyclohexasiloxane, Trehalose, Caprylyl Methicone, C12-14 Pareth-12, Carbomer, Tromethamine, C30-45 Alkyl Cetearyl Dimethicone Crosspolymer, Ammonium Acryloyldimethyltaurate/VP Copolymer, Butylene Glycol, Xanthan Gum, Zingiber Officinale (Ginger) Root Extract, Mentha Piperita (Peppermint) Leaf Extract, Ethylhexylglycerin, Dipotassium Glycyrrhizate, Tranexamic Acid, Dextrin, Theobroma Cacao (Cocoa) Seed Extract, Leuconostoc/Radish Root Ferment Filtrate, Biosaccharide Gum-1, Disodium EDTA, Sodium Hyaluronate, Beta-Glucan, Hydrogenated Lecithin, Coptis Chinensis Root Extract, Cetearyl Alcohol, Stearic Acid, Ceramide NP, Ceramide NG, Cholesterol, Phytosphingosine, Ceramide AS, Ceramide AP, Ceramide EOP",https://cdn.shopify.com/s/files/1/0590/4538/0253/files/skin1004-cream-centella-soothing-cream-1259546233.png?v=1790066709,https://www.skin1004.com/products/skin1004-madagascar-centella-soothing-cream,
aestura-atobarrier-365-cream,Aestura,Atobarrier 365 Cream,moisturizer,,"WATER / AQUA / EAU, BUTYLENE GLYCOL, GLYCERIN, BUTYLENE GLYCOL DICAPRYLATE/ DICAPRATE, CETYL ETHYLHEXANOATE, SQUALANE, PENTAERYTHRITYL TETRAISOSTEARATE, DICAPRYLYL CARBONATE, BEHENYL ALCOHOL, DIMETHICONE, HYDROXYPROPYL BISPALMITAMIDE MEA, STEARIC ACID, BETAINE, MANNITOL, C14-22 ALCOHOLS, PALMITIC ACID, HYDROXYPROPYL BISLAURAMIDE MEA, ARACHIDYL ALCOHOL, CHOLESTEROL, POLYACRYLATE-13, C12-20 ALKYL GLUCOSIDE, ALLANTOIN, ARACHIDYL GLUCOSIDE, NIACINAMIDE, CERAMIDE NP, GLYCERYL CAPRYLATE, ETHYLHEXYLGLYCERIN, HYDROGENATED POLYISOBUTENE, CARBOMER, TROMETHAMINE, DIMETHICONOL, POLYGLYCERYL-10 LAURATE, HYDROGENATED LECITHIN, ETHYLHEXYL PALMITATE, ACRYLATES / AMMONIUM METHACRYLATE COPOLYMER, SORBITAN ISOSTEARATE, SILICA, PHYTOSPHINGOSINE, SPHINGOLIPIDS, ARACHIDIC ACID, TOCOPHEROL, OLEIC ACID",https://cdn.shopify.com/s/files/1/0723/3775/2306/files/1_Atobarrier365-Cream_thumbnail_Product-80ml__1200x1200_961c8e7e-0afb-48bd-bea7-d47f285ab4d4.png?v=1734030421,https://int.aestura.com/products/atobarrier365-cream,
first-aid-beauty-ultra-repair-cream,First Aid Beauty,Ultra Repair Cream Intense Hydration,moisturizer,,"Water, Stearic Acid, Glycerin, C12-15 Alkyl Benzoate, Caprylic/Capric Triglyceride, Glyceryl Stearate, Glyceryl Stearate SE, Cetearylalcohol, Dimethicone, Squalane, Hydrogenated Shea Butter, Phenoxyethanol, Caprylyl Glycol, Xanthamgum, Allantoin, Sodium Hydroxide, Tetrasodium EDTA, Chrysanthemum Parthenium (Feverfew) Extract, Camellia Sinensis Leaf Extract, Glycyrrhiza Glabra (Licorice) Root Extract, Ceramide NP, Eucalyptus Globulus Leaf Oil",,https://www.firstaidbeauty.com/products/ultra-repair-cream-intense-hydration,
glow-recipe-plum-plump-hyaluronic-cream,Glow Recipe,Plum Plump Hyaluronic Cream,moisturizer,,"Water/Aqua/Eau, Propanediol, Glycerin, C13-15 Alkane, Caprylic/Capric Triglyceride, C9-12 Alkane, Prunus Domestica Seed Oil*, Pentylene Glycol, Squalane, Terminalia Ferdinandiana Seed Oil*, Hyaluronic Acid, Sodium Acetylated Hyaluronate, Sodium Hyaluronate, Davidsonia Jerseyana Fruit Extract*, Terminalia Ferdinandiana Fruit Extract*, Podocarpus Elatus Fruit Extract*, Polyglutamic Acid, Pleiogynium Timoriense Fruit Extract*, Sodium Hyaluronate Crosspolymer, Hydrolyzed Sodium Hyaluronate, Epilobium Fleischeri (Alpine Willowherb) Flower/Leaf/Stem Extract, Niacinamide, Acrylates/C10-30 Alkyl Acrylate Crosspolymer, Xylitylglucoside, Isononyl Isononanoate, Caprylyl Glycol, Anhydroxylitol, Cetearyl Alcohol, Glyceryl Stearate, Arginine, Ethylhexylglycerin, Sodium Chloride, Xylitol, Stearic Acid, Tremella Fuciformis Polysaccharide, Sodium Lauroyl Glutamate, Genipa Americana Fruit Extract, Glucose, Lithospermum Erythrorhizon Root Extract, Potassium Phosphate, Butylene Glycol, Disodium Phosphate, Potassium Chloride, 1,2-Hexanediol, Citric Acid, Potassium Sorbate, Sodium Hydroxide, Phenoxyethanol, Fragrance/Parfum**. *Plum Extracts/Oils **Natural Fragrance",https://cdn.shopify.com/s/files/1/0543/8301/files/NEW5_14_24_PDP_CLAIM_REFRESH_PLUM_CREAM-01.jpg?v=1762198051,https://www.glowrecipe.com/products/plum-plump-hyaluronic-cream,
tatcha-the-dewy-skin-cream,Tatcha,The Dewy Skin Cream,moisturizer,,"Aqua/water/eau, Saccharomyces/rice Ferment Filtrate, Glycerin, Propanediol, Dimethicone, Squalane, Diisostearyl Malate, Behenyl Alcohol, Myristyl Myristate, Dipentaerythrityl Hexahydroxystearate, Bis-diglyceryl Polyacyladipate-2, Tridecyl Trimellitate, Inositol, Sorbitan Tristearate, Beheneth-20, Camellia Sinensis Leaf Extract, Cladosiphon Okamuranus Extract, Chondrus Crispus Extract, Betaphycus Gelatinum Extract, Oryza Sativa (Rice) Bran Extract, Panax Ginseng Root Extract, Origanum Majorana Leaf Extract, Thymus Serpyllum Extract, Malva Sylvestris (Mallow) Flower Extract, Sodium Hyaluronate, Gold, Sericin, Phytosteryl Macadamiate, Tocopherol, Hydroxyethyl Acrylate/sodium Acryloyldimethyl Taurate Copolymer, Sorbitan Isostearate, Polysorbate 60, Butylene Glycol, Dimethicone/vinyl Dimethicone Crosspolymer, Sodium Benzoate, Gluconolactone, Ethylhexylglycerin, Parfum/fragrance, Alcohol, Phenoxyethanol, Citral, Limonene, Linalool, Mica, Tin Oxide, Titanium Dioxide (Ci 77891), Violet 2 (Ci 60725)",https://cdn.shopify.com/s/files/1/0949/3328/7221/files/TheDewySkinCream-pdp-Aug26-Omi-FullSize-MainImage-1200x1200.jpg?v=1788786247,https://tatcha.com/products/the-dewy-skin-cream,
rhode-barrier-restore-cream,Rhode,Barrier Restore Cream,moisturizer,,"water/aqua/eau, glycerin, caprylic/capric triglyceride, butyrospermum parkii (shea) butter, behenyl alcohol, xylitylglucoside, niacinamide, squalane, sodium acrylates copolymer, acetyl tetrapeptide-2, palmitoyl heptapeptide-27, palmitoyl oligopeptide-78, palmitoyl octapeptide-24, phenoxyethanol, anhydroxylitol, 1,2-hexanediol, hydroxyethyl acrylate/sodium acryloyldimethyl taurate copolymer, xylitol, lecithin, ethylhexylglycerin, glucose, bisabolol, sodium hyaluronate, teprenone, polysorbate 60, sorbitan isostearate, caprylyl glycol, euterpe oleracea fruit extract, potassium sorbate, citric acid, sorbic acid, lactic acid/glycolic acid copolymer, tocopherol, polyvinyl alcohol, sodium hydroxide",https://cdn.shopify.com/s/files/1/0606/5451/8510/products/brc-2000x2000_1.png?v=1677822162,https://www.rhodeskin.com/products/barrier-restore-cream,
laneige-water-bank-blue-hyaluronic-cream,Laneige,Water Bank Blue Hyaluronic Cream Moisturizer,moisturizer,,"Water/Aqua/Eau, Glycerin, Butylene Glycol, Squalane, Dicaprylyl Ether, Polyglyceryl-3 Methylglucose Distearate, Methyl Trimethicone, Glyceryl Stearate, Pentaerythrityl Tetraethylhexanoate, 1,2-Hexanediol, Stearyl Dimethicone, Bis-Hydroxyethoxypropyl Dimethicone, Cetyl Alcohol, Lactobacillus Ferment Lysate, Caprylic/Capric/Myristic/Stearic Triglyceride, Palmitic Acid, Stearic Acid, Panthenol, Hydroxyethyl Acrylate/Sodium Acryloyldimethyl Taurate Copolymer, Propanediol, Acrylates/C10-30 Alkyl Acrylate Crosspolymer, Xanthan Gum, Glyceryl Caprylate, Dextrin, Tromethamine, Ethylhexylglycerin, Disodium EDTA, Sorbitan Isostearate, Allantoin, Hydrolyzed Hyaluronic Acid, Ceramide NP, Fragrance/Parfum, Beta-Glucan, Cholesterol, Mannitol, Tocopherol, Acetyl Tetrapeptide-11, Undaria Pinnatifida Extract",https://cdn.shopify.com/s/files/1/0255/0189/2660/files/Matin_Kim_Infographic_2000x2000_Product_WBC-2.jpg?v=1788255649,https://us.laneige.com/products/water-bank-blue-hyaluronic-cream-moisturizer,
clinique-moisture-surge-100h,Clinique,Moisture Surge 100H Auto-Replenishing Hydrator,moisturizer,,"Water Aqua Eau, Dimethicone, Butylene Glycol, Glycerin, Trisiloxane, Trehalose, Saccharomyces Lysate Extract, Sodium Hyaluronate, Aloe Barbadensis Leaf Extract, Aloe Barbadensis Leaf Water, Silybum Marianum (lady's Thistle) Extract, Camellia Sinensis Leaf Extract, Aloe Barbadensis Leaf Polysaccharides, Sorbitol, Sodium Polyaspartate, Caffeine, Thermus Thermophillus Ferment, Lactobacillus Ferment Lysate, Palmitoyl Hexapeptide-12, Caprylyl Glycol, Sucrose, Hydroxyethyl Urea, Ammonium Acryloyldimethyltaurate/vp Copolymer, Oleth-10, Acrylates/c10-30 Alkyl Acrylate Crosspolymer, Saccharide Isomerate, Hydrogenated Lecithin, Tromethamine, Glyceryl Polymethacrylate, Disodium Edta, Peg-8, Hexylene Glycol, Citric Acid, Sodium Citrate, Tocopheryl Acetate, Bht, Magnesium Ascorbyl Phosphate, Phenoxyethanol, Sodium Benzoate, Potassium Sorbate, Red 4 (ci 14700), Yellow 5 (ci 19140)",https://cdn.shopify.com/s/files/1/0738/1562/1771/files/cl_prod_83690_NA_3000x3000_0.jpg?v=1790181470,https://www.clinique.com/products/moisture-surge-100h-auto-replenishing-hydrator,
drunk-elephant-protini-polypeptide-cream,Drunk Elephant,Protini Polypeptide Cream,moisturizer,,"Water/Aqua/Eau, Dicaprylyl Carbonate, Glycerin, Cetearyl Alcohol, Cetearyl Olivate, Sorbitan Olivate, Sclerocarya Birrea Seed Oil, Bacillus/Folic Acid Ferment Extract, Nymphaea Alba Root Extract, sh-Oligopeptide-1, sh-Oligopeptide-2, sh-Polypeptide-1, sh-Polypeptide-9, sh-Polypeptide-11, Copper Palmitoyl Heptapeptide-14, Heptapeptide-15 Palmitate, Palmitoyl Tetrapeptide-7, Palmitoyl Tripeptide-1, Alanine, Arginine, Glycine, Histidine, Isoleucine, Phenylalanine, Proline, Serine, Threonine, Valine, Acetyl Glutamine, Coconut Alkanes, Coco-Caprylate/Caprate, Sodium Hyaluronate, Aspartic Acid, Linoleic Acid, Linolenic Acid, Lecithin, Butylene Glycol, Polyvinyl Alcohol, Sodium Lactate, Sodium PCA, PCA, Sorbitan Isostearate, Carbomer, Polysorbate 20, Polysorbate 60, Lactic Acid/Glycolic Acid Copolymer, Hydroxyethyl Acrylate/Sodium Acryloyldimethyl Taurate Copolymer, Xanthan Gum, Isomalt, 1,2-Hexanediol, Caprylyl Glycol, Chlorphenesin, Phenoxyethanol, Tocopherol, Sodium Benzoate, Phenylpropanol, Glyceryl Caprylate, Symphytum Officinale Callus Culture Extract",,https://www.drunkelephant.com/protini-polypeptide-firming-refillable-moisturizer-856556004739.html,
round-lab-birch-juice-moisturizing-sun-serum-spf50,Round Lab,Birch Juice Moisturizing Sun Serum SPF 50,sunscreen,Ensulizole 2.5%; Homosalate 5%; Octisalate 4.5%; Octocrylene 6%,"Water, Butyloctyl Salicylate, Dipropylene Glycol, Benzotriazolyl Dodecyl p-Cresol, Ethylhexyl Methoxycrylene, Vinyl Dimethicone, Tripropylene Glycol, Sorbitol, 1,2-Hexanediol, Silica, Diethylhexyl 2,6-Naphthalate, Aminomethyl Propanol, Betula Platyphylla Japonica Juice, Diglycerin, Behenyl Alcohol, Pentylene Glycol, Polyglyceryl-3 Methylglucose Distearate, Panthenol, Butylene Glycol, Poly C10-30 Alkyl Acrylate, Dimethiconol, Polyphenylsilsesquioxane, Dimethicone/Vinyl Dimethicone Crosspolymer, Tromethamine, Hydroxyacetophenone, Polyacrylic Acid, Palmitic Acid, Stearic Acid, Artemisia Annua Extract, Methylpropanediol, Polyether-1, Sphingomonas Ferment Extract, Sodium Stearoyl Glutamate, Polyacrylate Crosspolymer-6, Bacillus Ferment, Sodium Hyaluronate, Glycerin, Anthemis Nobilis Flower Oil, Pinus Sylvestris Leaf Oil, Aloe Barbadensis Leaf Extract, Dioscorea Japonica Root Extract, Ethylhexylglycerin, Laminaria Japonica Extract, Ulmus Davidiana Root Extract, Viola Mandshurica Flower Extract, Glyceryl Glucoside, Arginine, Caprylic Acid, Cetearyl Alcohol, Cetearyl Olivate, Sorbitan Olivate, Hydrogenated Lecithin, Betulin, Carbomer, Hydroxypropyltrimonium Hyaluronate, Hydrolyzed Hyaluronic Acid, Sodium Acetylated Hyaluronate, Sodium DNA, Hyaluronic Acid, Glycine, Glutamic Acid, Hydrolyzed Sodium Hyaluronate, Sodium Hyaluronate Crosspolymer, Potassium Hyaluronate",https://cdn.shopify.com/s/files/1/0651/7656/8022/files/Birch_Sun_Serum_5.jpg?v=1782887703,https://roundlab.com/products/birch-juice-moisturizing-sun-serum-spf50,,50
glow-recipe-watermelon-glow-dew-shield-spf30,Glow Recipe,Watermelon Glow Dew Shield SPF 30,sunscreen,Avobenzone 3%; Homosalate 7%; Octisalate 5%,"Water, Butyloctyl Salicylate, Diisopropyl Adipate, Oleyl Erucate, Niacinamide, Glycerin, Cetearyl Alcohol, Diheptyl Succinate, Ammonium Polyacryloyldimethyl Taurate, Phenoxyethanol, Coco-Glucoside, Capryloyl Glycerin/Sebacic Acid Copolymer, Glycine Soja (Soybean) Oil, Xylitylglucoside, Hydroxyacetophenone, Tocopherol, Anhydroxylitol, Fragrance, Citrullus Lanatus (Watermelon) Seed Oil, Pongamia Pinnata Seed Extract, Polyglyceryl-3 Diisostearate, Xylitol, Ethylhexylglycerin, Hyaluronic Acid, Oryza Sativa (Rice) Extract, Oryza Sativa (Rice) Germ Extract, Sodium Phytate, Glucose, Hydrogenated Palm Glycerides Citrate",https://cdn.shopify.com/s/files/1/0543/8301/files/4_17_DEW_SHIELD_PDP_1920x1920_FS.jpg?v=1762198394,https://www.glowrecipe.com/products/watermelon-glow-dew-shield-spf-30,,30
cosrx-aloe-soothing-sun-cream,COSRX,Aloe Soothing Sun Cream SPF50+ PA+++,sunscreen,,"Aqua/Water, Ethylhexyl Methoxycinnamate, Glycerin, Propylene Glycol, Dimethicone, Phenylbenzimidazole Sulfonic Acid, Bis-Ethylhexyloxyphenol Methoxyphenyl Triazine, Dicaprylyl Carbonate, Isoamyl p-Methoxycinnamate, Potassium Cetyl Phosphate, Alcohol, Butylene Glycol, Glyceryl Stearate, Titanium Dioxide, C14-22 Alcohols, Polymethyl Methacrylate, Cetearyl Alcohol, PEG-100 Stearate, Aloe Barbadensis Leaf Extract, Arginine, Silica, Sodium Hydroxide, C12-20 Alkyl Glucoside, Aluminum Hydroxide, Stearic Acid, Dimethicone/Vinyl Dimethicone Crosspolymer, Parfum/Fragrance, Phenoxyethanol, Caprylyl Glycol, Acrylates/C10-30 Alkyl Acrylate Crosspolymer, Carbomer, Dipotassium Glycyrrhizate, Xanthan Gum, Limonene, Tocopheryl Acetate, Disodium EDTA, Hexyl Cinnamal, Linalool, Benzyl Salicylate, Geraniol, Citronellol, Benzyl Benzoate, Citral, Benzyl Alcohol, Tocopherol",https://cdn.shopify.com/s/files/1/0513/3775/6828/files/aloe-soothing-sun-cream-spf50-pa-cosrx-official-1.jpg?v=1724835559,https://www.cosrx.com/products/aloe-soothing-sun-cream-spf50-pa,yes,50
cerave-hydrating-mineral-sunscreen-face-spf30,CeraVe,Hydrating Mineral Sunscreen Face Lotion SPF 30,sunscreen,Titanium Dioxide 6%; Zinc Oxide 5%,"Water, Glycerin, C12-15 Alkyl Benzoate, Dimethicone, Glyceryl Stearate, Isododecane, Butyloctyl Salicylate, Styrene/acrylates Copolymer, Propanediol, Stearic Acid, Peg-100 Stearate, Sorbitan Stearate, Niacinamide, Peg-8 Laurate, Ceramide NP, Ceramide AP, Ceramide EOP, Sorbitan Isostearate, Carbomer, Cetearyl Alcohol, Ceteareth-20, Triethoxycaprylylsilane, Dimethiconol, Sodium Citrate, Sodium Lauroyl Lactylate, Sodium Dodecylbenzenesulfonate, Myristic Acid, Sodium Hyaluronate, Cholesterol,Aluminum Hydroxide, Palmitic Acid, Phenoxyethanol, Chlorphenesin, Hydroxyethyl Acrylate/sodium Acryloyldimethyl Taurate Copolymer, Caprylyl Glycol, Citric Acid, Panthenol, Xanthan Gum, Phytosphingosine, Polyhydroxystearic Acid, Polysorbate 60, Ethylhexylglycerin",,https://www.cerave.com/sunscreen/face/hydrating-mineral-sunscreen-face-lotion-spf-30,,30
kinship-self-reflect-probiotic-sunscreen-spf32,Kinship,Self Reflect Probiotic Moisturizing Sunscreen SPF 32,sunscreen,Zinc Oxide 22.4%,"Water (Aqua), Caprylic/Capric Triglyceride, Glycerin, Coconut Alkanes, Polyglyceryl-3 Polyricinoleate, Cetearyl Alcohol, Aloe Barbadensis Leaf Juice, Coco-Glucoside, Pyrus Malus (Apple) Fruit Extract, Lactobacillus Ferment, Curcuma Longa (Turmeric) Root Oil, Butyrospermum Parkii (Shea) Butter, Coco-Caprylate/Caprate, Rubus Idaeus (Raspberry) Seed Oil, Isostearic Acid, Lecithin, Polyhydroxystearic Acid, Cetearyl Glucoside, Hydrolyzed Jojoba Esters, Sclerotium Gum, Sodium Stearoyl Glutamate, Ethylhexylglycerin, Cocos Nucifera (Coconut) Liquid Endosperm, Xanthan Gum, Tocopherol, Dipotassium Glycyrrhizate, Vanilla Planifolia Fruit Extract, Cocos Nucifera (Coconut) Fruit Juice, Galactoarabinan, Sodium Benzoate, Potassium Sorbate, Phenoxyethanol, Glycyrrhiza Glabra (Licorice) Root Extract, May contain +/- Iron Oxides (CI 77491, CI 77492)",https://cdn.shopify.com/s/files/1/0236/4427/4768/files/SelfReflect-NEWPackaging-KSCrop_1013b3f4-d2c7-43b4-a88f-a63c8ffafe9d.jpg?v=1753996044,https://lovekinship.com/products/self-reflect-zinc-oxide-mineral-sunscreen,,32
eltamd-uv-clear-spf46,EltaMD,UV Clear Broad Spectrum SPF 46,sunscreen,Octinoxate 7.5%; Zinc Oxide 9%,"Water, Cyclopentasiloxane, Niacinamide, Octyldodecyl Neopentanoate, Hydroxyethyl Acrylate/Sodium Acryloyldimethyl Taurate Copolymer, Butylene Glycol, Phenoxyethanol, Polyisobutene, Triethoxycaprylylsilane, Tocopheryl Acetate, PEG-7 Trimethylolpropane Coconut Ether, Oleth-3 Phosphate, Iodopropynyl Butylcarbamate, Lactic Acid, Sodium Hyaluronate, Phosphoric Acid",https://cdn.shopify.com/s/files/1/0467/8120/2585/files/EltaMD_UV_Clear_sunscreen_award_1_1.png?v=1789792808,https://eltamd.com/products/uv-clear-broad-spectrum-spf-46,,46
eltamd-uv-daily-spf40,EltaMD,UV Daily Broad Spectrum SPF 40,sunscreen,Octinoxate 7.5%; Zinc Oxide 9%,"Water, Petrolatum, Isopropyl Palmitate, Dimethicone, Cetearyl Alcohol, Oleth-3 Phosphate, Phenoxyethanol, Hydroxyethyl Acrylate/Sodium Acryloyldimethyl Taurate Copolymer, Polyisobutene, Cetearyl Glucoside, Polyether-1, Butylene Glycol, PEG-7 Trimethylolpropane Coconut Ether, Sodium Hyaluronate, Iodopropynyl butylcarbamate, Tocopheryl Acetate, Triethoxycaprylylsilane",,https://eltamd.com/products/uv-daily-broad-spectrum-spf-40,,40
innisfree-daily-uv-defense-mineral-sunscreen-spf45,Innisfree,Daily UV Defense Mineral Sunscreen SPF 45 with Color Correcting,sunscreen,Zinc Oxide 17%,"Water / Aqua / Eau, Propylheptyl Caprylate, Butyloctyl Salicylate, Propanediol, Caprylyl Methicone, Disiloxane, Polyglyceryl-3 Polydimethylsiloxyethyl Dimethicone, Polymethylsilsesquioxane,Polyglyceryl-2 Dipolyhydroxystearate, Disteardimonium Hectorite, Magnesium Sulfate, Triethoxycaprylylsilane, 1,2-Hexanediol, Silica, Lauryl Polyglyceryl-3 Polydimethylsiloxyethyl Dimethicone,Synthetic Fluorphlogopite, Dicaprylyl Carbonate,Caprylyl Glycol, Glyceryl Caprylate, Chromium Oxide Greens (CI77288), Mica, Ethylhexylglycerin, Sodium Hyaluronate, Tocopherol, Squalane, Ceramide NP, Niacinamide, Hydrolyzed Sodium Hyaluronate, Panthenol, Butylene Glycol, Centella Asiatica Extract, Centella Asiatica Leaf Extract, Saccharomyces Ferment, Centella Asiatica Root Extract, Hydroxypropyltrimonium Hyaluronate, Asiaticoside, Madecassoside, Hydrolyzed Hyaluronic Acid, Sodium Acetylated Hyaluronate, Hyaluronic Acid,Sodium Hyaluronate Crosspolymer, Potassium Hyaluronate, Asiatic Acid, Madecassic Acid",https://cdn.shopify.com/s/files/1/0089/3367/1012/files/1IF_SUN-M_Packshot_2024_01_1080x1080_c6988a82-43b8-4e13-a8b8-4c6407c0239c_1.jpg?v=1759867600,https://us.innisfree.com/products/daily-uv-defense-mineral-sunscreen,,45
isdin-eryfotona-actinica-spf50,ISDIN,Eryfotona Actinica SPF 50+,sunscreen,Zinc Oxide 11%,"Water, Diethylhexyl Carbonate, Dibutyl Adipate, Cyclopentasiloxane, Dicaprylyl Carbonate, Alcohol Denat., Cyclohexasiloxane, Butylene Glycol, PEG-30 Dipolyhydroxystearate, Nylon-12, PEG-10 Dimethicone, Dimethicone, Sodium Chloride, Phenoxyethanol, Disteardimonium Hectorite, Triethoxycaprylylsilane, Tocopheryl Acetate, Glyceryl Stearate, Fragrance, Bisabolol, Disodium EDTA, Ethylhexylglycerin, Panthenol, PEG-8, Tocopherol, Lecithin, Plankton Extract, Ascorbyl Palmitate, Ascorbic Acid, Citric Acid",,https://www.isdin.com/us/p/actinica-17-fl-oz/4266,,50
neutrogena-ultra-sheer-dry-touch-spf55,Neutrogena,Ultra Sheer Dry-Touch Sunscreen SPF 55,sunscreen,Avobenzone 3%; Homosalate 10%; Octisalate 5%; Octocrylene 10%,"Water, Styrene/Acrylates Copolymer, Silica, Dimethicone, Potassium Cetyl Phosphate, Benzyl Alcohol, Beeswax, Caprylyl Methicone, Glyceryl Stearate, Peg-100 Stearate, Cetyl Dimethicone, Caprylyl Glycol, Ethylhexylglycerin, Aluminum Starch Octenylsuccinate, Behenyl Alcohol, Acrylates/Dimethicone Copolymer, Xanthan Gum, Sodium Polyacrylate, Chlorphenesin, Dimethicone/Peg-10/15 Crosspolymer, Hydrolyzed Jojoba Esters, Fragrance, Disodium Edta, Ethylhexyl Stearate, Tocopheryl Acetate, Bht, Trideceth-6, Jojoba Esters",,https://www.neutrogena.com/products/sun/ultra-sheer-dry-touch-sunscreen-broad-spectrum-spf-55/6868790,,55
la-roche-posay-toleriane-hydrating-gentle-cleanser, La Roche Posay, Toleriane Hydrating Gentle Facial Cleanser, cleanser,, "AQUA/WATER/EAU • GLYCERIN • PENTAERYTHRITYL TETRAETHYLHEXANOATE • PROPANEDIOL • AMMONIUM POLYACRYLOYLDIMETHYL TAURATE • POLYSORBATE 60 • CERAMIDE NP • NIACINAMIDE • SODIUM CHLORIDE • COCO-BETAINE • DISODIUM EDTA • CAPRYLYL GLYCOL • CITRIC ACID • TRISODIUM ETHYLENEDIAMINE DISUCCINATE • PANTHENOL • PENTYLENE GLYCOL • ETHYLHEXYLGLYCERIN • TOCOPHEROL • CHLORPHENESIN. (CODE F.I.L.: N70042220/1)",, https://www.laroche-posay.us/our-products/face/face-wash/toleriane-hydrating-gentle-facial-cleanser-tolerianehydratinggentlefacialcleanser.html,
paulas-choice-clear-pore-normalizing-cleanser,Paula's Choice,CLEAR Pore Normalizing Cleanser,cleanser,Salicylic Acid 0.5%,"Salicylic Acid, Water, Sodium Lauroyl Sarcosinate, Acrylates/Steareth-20 Methacrylate Copolymer, Glycerin, PEG-200 Hydrogenated Glyceryl Palmate, Sodium Laureth Sulfate, Arginine, Butylene Glycol, PEG-7 Glyceryl Cocoate, Panthenol, Disodium EDTA, Citric Acid, PEG-60 Hydrogenated Castor Oil, Sodium Citrate, Phenoxyethanol, Caprylyl Glycol, Chlorphenesin",,https://www.paulaschoice.com/clear-pore-normalizing-cleanser/600.html,
kiehls-ultra-facial-cleanser,Kiehl's,Ultra Facial Cleanser,cleanser,,"AQUA / WATER / EAU • GLYCERIN • DECYL GLUCOSIDE • SODIUM C14-16 OLEFIN SULFONATE • ACRYLATES COPOLYMER • DISODIUM COCOAMPHODIACETATE • LAURYL GLUCOSIDE • PEG-200 HYDROGENATED GLYCERYL PALMATE • COCAMIDOPROPYL BETAINE • GLYCOL DISTEARATE • PENTYLENE GLYCOL • PHENOXYETHANOL • PEG-7 GLYCERYL COCOATE • SODIUM HYDROXIDE • CITRIC ACID • SODIUM BENZOATE • SODIUM CHLORIDE • HYDROXYACETOPHENONE • BENZOIC ACID • SQUALANE • GLYCINE SOJA OIL / SOYBEAN OIL • PRUNUS AMYGDALUS DULCIS OIL / SWEET ALMOND OIL • PRUNUS ARMENIACA KERNEL OIL / APRICOT KERNEL OIL • TOCOPHEROL • ASCORBYL GLUCOSIDE • PERSEA GRATISSIMA OIL / AVOCADO OIL",,https://www.kiehls.com/skincare/face-cleansers-scrubs/ultra-facial-cleanser/714.html,
paulas-choice-calm-ultra-gentle-cleanser,Paula's Choice,CALM Ultra-Gentle Cleanser,cleanser,,"Water, Sodium Cocoyl Glutamate, Glycerin, Caprylic/Capric Triglyceride, Cocamidopropyl Betaine, Sodium Laurylglucosides Hydroxypropylsulfonate, Cellulose Gum, Coco-Caprylate/Caprate, Hydroxyacetophenone, Inulin, Xanthan Gum, Ethylhexylglycerin, Sodium Phytate, Cellulose, Fructose, Glucose, Phenoxyethanol",,https://www.paulaschoice.com/calm-ultra-gentle-cleanser/9190.html,
senka-perfect-whip,Senka,Perfect Whip Cream Face Wash,cleanser,,"Water, stearic acid, PEG-8, myristic acid, potassium hydroxide, glycerin, lauric acid, ethanol, BG, glyceryl stearate (SE), polyquaternium-7, PEG/PPG-14/7 dimethyl ether, sodium hyaluronate, acetyl Sodium hyaluronate, sericin, hydrolyzed silk, EDTA-2Na, sodium pyrosulfite, citric acid, potassium sorbate, sodium benzoate, fragrance",,https://www.walmart.com/ip/Shiseido-Senka-Perfect-Whip-Cream-Face-Wash-4-23-oz/908991070,yes
fresh-soy-face-cleanser,Fresh,Soy Face Cleanser,cleanser,,"Aqua (Water), Coco-Glucoside, Butylene Glycol, Glycerin, Propanediol, Xanthan Gum, 1,2-Hexanediol, Polyglyceryl-10 Laurate, Centaurea Cyanus Flower Water, Cucumis Sativus (Cucumber) Fruit Extract, Helianthus Annuus (Sunflower) Seed Oil, Borago Officinalis Seed Oil, Hydrolyzed Soy Protein, Rosa Damascena Extract, Rosa Damascena Flower Water, Aloe Barbadensis Leaf Juice, Panax Ginseng Root Extract, Malva Sylvestris (Mallow) Flower Extract, Rosa Damascena Flower Oil, Tocopherol, Caprylic/Capric Triglyceride, Caprylyl Glycol, Hydrolyzed Jojoba Esters, Silica, Citric Acid, Pentylene Glycol, Caramel, Sodium Hydroxide, Sodium Benzoate, Potassium Sorbate",,https://www.fresh.com/us/skincare/categories/cleansers/soy-face-cleanser-H00006238.html,
youth-to-the-people-superfood-cleanser,Youth To The People,Superfood Cleanser,cleanser,,"AQUA / WATER / EAU • COCAMIDOPROPYL HYDROXYSULTAINE • SODIUM COCOYL GLUTAMATE • POLYSORBATE 20 • SORBETH-230 TETRAOLEATE • CITRIC ACID • ALOE BARBADENSIS LEAF JUICE POWDER • BRASSICA OLERACEA ACEPHALA LEAF EXTRACT • CAMELLIA SINENSIS LEAF EXTRACT • CHAMOMILLA RECUTITA FLOWER EXTRACT / MATRICARIA FLOWER EXTRACT • GARDENIA JASMINOIDES FRUIT EXTRACT • MEDICAGO SATIVA EXTRACT / ALFALFA EXTRACT • SPINACIA OLERACEA / SPINACH LEAF EXTRACT • GLUCONOLACTONE • TETRAHEXYLDECYL ASCORBATE • TETRASODIUM GLUTAMATE DIACETATE • PANTHENOL • TOCOPHERYL ACETATE • DECYL GLUCOSIDE • GLYCERIN • MALTODEXTRIN • SORBITAN LAURATE • HEXYL CINNAMAL • CI 75810 / CHLOROPHYLLIN-COPPER COMPLEX • ETHYLHEXYLGLYCERIN • PHENOXYETHANOL • SODIUM BENZOATE • PARFUM / FRAGRANCE",,https://www.youthtothepeople.com/skincare/cleansers/superfood-cleanser/YTTP-10100.html,
paulas-choice-2-bha-liquid-exfoliant,Paula's Choice,Skin Perfecting 2% BHA Liquid Exfoliant,treatment,,"Water, Methylpropanediol, Butylene Glycol, Salicylic Acid, Polysorbate 20, Camellia Oleifera, Sodium Hydroxide, Tetrasodium EDTA",,https://www.paulaschoice.com/skin-perfecting-2pct-bha-liquid-exfoliant/201-2010.html,
good-molecules-discoloration-correcting-serum,Good Molecules,Discoloration Correcting Serum,treatment,,"Aqua/Water/Eau, Propanediol, Glycerin, Niacinamide, Cetyl Tranexamate Mesylate, Cetearyl Alcohol, Ceratonia Siliqua (Carob) Gum, Caprylyl Glycol, Tamarindus Indica Seed Gum, Ethylhexylglycerin, Tocopherol",,https://www.goodmolecules.com/s/good-molecules-discoloration-correcting-serum-30ml,
kiehls-clearly-corrective-dark-spot-serum,Kiehl's,Clearly Corrective Dark Spot Serum,treatment,,"AQUA / WATER • PROPYLENE GLYCOL • GLYCERIN • ALCOHOL DENAT. • PEG/PPG/POLYBUTYLENE GLYCOL-8/5/3 GLYCERIN • HYDROXYPROPYL TETRAHYDROPYRANTRIOL • 3-O-ETHYL ASCORBIC ACID • PPG-6-DECYLTETRADECETH-30 • PHENOXYETHANOL • SALICYLIC ACID • XANTHAN GUM • HYDROXYETHYLCELLULOSE • POTASSIUM HYDROXIDE • CITRIC ACID • SODIUM CITRATE • TOCOPHERYL ACETATE • LAVANDULA ANGUSTIFOLIA OIL / LAVENDER OIL • DISODIUM EDTA • ADENOSINE • LINALOOL • BUTYLENE GLYCOL • TOCOPHEROL • CITRUS AURANTIUM TACHIBANA PEEL EXTRACT • PAEONIA SUFFRUTICOSA ROOT EXTRACT",,https://www.kiehls.com/skincare/face-serums/clearly-corrective-dark-spot-serum/842.html,
skinceuticals-c-e-ferulic,SkinCeuticals,C E Ferulic with 15% L-Ascorbic Acid,treatment,,"Aqua / Water / Eau, Ethoxydiglycol, Ascorbic Acid, Glycerin, Propylene Glycol, Laureth-23, Tocopherol, Phenoxyethanol, Sodium Hydroxide, Ferulic Acid, Carnosine, Panthenol, Sodium Hyaluronate, Pentylene Glycol, Taraxacum Officinale Rhizome/Root Extract (Dandelion Rhizome/Root Extract), Maltodextrin, Citric Acid, Eperua Falcata Bark Extract",,https://www.skinceuticals.com/skincare/vitamin-c-serums/c-e-ferulic-with-15-l-ascorbic-acid/S17.html,
dr-althea-345-relief-cream,Dr.Althea,345 Relief Cream,moisturizer,,"Aqua (Water), Melaleuca Alternifolia (Tea Tree) Leaf Water, Propanediol, Glycerin, 1,2-Hexanediol, Hydrogenated Polydecene, Vinyl Dimethicone, C14-22 Alcohols, Niacinamide, Caprylic/Capric Triglyceride, Panthenol, Dicaprylyl Carbonate, Butylene Glycol, Ammonium Acryloyldimethyltaurate/Vp Copolymer, Caprylyl Methicone, Polymethylsilsesquioxane, C12-20 Alkyl Glucoside, Hydroxyacetophenone, Acrylates/C10-30 Alkyl Acrylate Crosspolymer, Polyquaternium-51, Ethylhexylglycerin, Tromethamine, Sodium Hyaluronate, Sodium Stearoyl Glutamate, Coptis Japonica Root Extract, Centella Asiatica Leaf Water, Beta-Glucan, Resveratrol, Hydrolyzed Hyaluronic Acid, Camellia Sinensis Leaf Water, Tocopherol, Madecassoside, Sodium Dna, Centella Asiatica Extract, Ceramide Np, Tannic Acid, Disodium Edta, Sodium Phytate",,https://doctoraltheaglobal.com/products/345-relief-cream,yes
la-roche-posay-toleriane-double-repair-moisturizer,La Roche-Posay,Toleriane Double Repair Face Moisturizer,moisturizer,,"AQUA / WATER / EAU • GLYCERIN • SQUALANE • DIMETHICONE • ZEA MAYS STARCH / CORN STARCH • NIACINAMIDE • AMMONIUM POLYACRYLOYLDIMETHYL TAURATE • MYRISTYL MYRISTATE • STEARIC ACID • CERAMIDE NP • POTASSIUM CETYL PHOSPHATE • GLYCERYL STEARATE SE • SODIUM HYDROXIDE • MYRISTIC ACID • PALMITIC ACID • CAPRYLOYL GLYCINE • CAPRYLYL GLYCOL • XANTHAN GUM",,https://www.laroche-posay.us/our-products/face/face-moisturizer/toleriane-double-repair-face-moisturizer-tolerianedoublerepair.html,
paulas-choice-clear-oil-free-moisturizer,Paula's Choice,CLEAR Oil-Free Moisturizer,moisturizer,,"Water, Ethyl Macadamiate, Glycerin, Cetearyl Alcohol, Propanediol, Triethylhexanoin, Sodium Acrylates Copolymer, Glyceryl Stearate, PEG-100 Stearate, Glycyrrhiza Glabra, Hydrolyzed Pumpkin Seedcake, Vaccinum Angustifolium (Blueberry) Fruit Extract, Euterpe Oleracea Fruit Extract, Prunus Serotina (Wild Cherry) Fruit Extract, Niacinamide, Tripeptide-29, Ceramide NP, Ceramide AP, Ceramide EOP, Sodium Hyaluronate, Phytosphingosine, Cholesterol, Panthenol, Sodium PCA, Adenosine, Lecithin, Arginine, Sodium Lauroyl Lactylate, Sodium Gluconate, Citric Acid, Isohexadecane, Xanthan Gum, Carbomer, Phenoxyethanol, Ethylhexylglycerin",,https://www.paulaschoice.com/clear-oil-free-moisturizer/380.html,
kiehls-ultra-facial-cream,Kiehl's,Ultra Facial Cream with Squalane,moisturizer,,"AQUA / WATER,GLYCERIN,DIMETHICONE,SQUALANE,BIS-PEG-18 METHYL ETHER DIMETHYL SILANE,SUCROSE STEARATE,STEARYL ALCOHOL,PEG-8 STEARATE,MYRISTYL MYRISTATE,PRUNUS ARMENIACA KERNEL OIL / APRICOT KERNEL OIL,PHENOXYETHANOL,PERSEA GRATISSIMA OIL / AVOCADO OIL,GLYCERYL STEARATE,CETYL ALCOHOL,ORYZA SATIVA BRAN OIL / RICE BRAN OIL,OLEA EUROPAEA FRUIT OIL / OLIVE FRUIT OIL,CHLORPHENESIN,STEARIC ACID,PALMITIC ACID,CARBOMER,ACRYLATES/C10-30 ALKYL ACRYLATE CROSSPOLYMER,TRISODIUM ETHYLENEDIAMINE DISUCCINATE,PRUNUS AMYGDALUS DULCIS OIL / SWEET ALMOND OIL,XANTHAN GUM,ETHYLHEXYLGLYCERIN,SODIUM HYDROXIDE,TOCOPHEROL,GLYCINE SOJA OIL / SOYBEAN OIL,PSEUDOALTEROMONAS FERMENT EXTRACT,MYRISTIC ACID,HYDROXYPALMITOYL SPHINGANINE,SALICYLIC ACID,HELIANTHUS ANNUUS SEED OIL / SUNFLOWER SEED OIL,ROSMARINUS OFFICINALIS LEAF EXTRACT / ROSEMARY LEAF EXTRACT,CITRIC ACID",,https://www.kiehls.com/skincare/face-moisturizers/ultra-facial-cream-with-squalane/622.html,
belif-the-true-cream-aqua-bomb,Belif,The True Cream Aqua Bomb,moisturizer,,"Water/Eau, Dipropylene Glycol, Glycerin, Methyl Trimethicone, Alcohol Denat., Dimethicone, Cyclopentasiloxane, 1,2-Hexanediol, Caprylic/Capric Triglyceride, PEG/PPG/Polybutylene Glycol-8/5/3 Glycerin, Pentaerythrityl Tetraethylhexanoate, Avena Sativa (Oat) Kernel Extract, Calendula Officinalis Flower Extract, Nepeta Cataria Extract, Rubus Idaeus (Raspberry) Leaf Extract, Baptisia Tinctoria Root Extract, Stellaria Media (Chickweed) Extract, Alchemilla Vulgaris Leaf Extract, Equisetum Arvense Leaf Extract, Urtica Dioica (Nettle) Leaf Extract, Sodium Hyaluronate, Niacinamide, Polymethylsilsesquioxane, Panthenol, PEG-150, Pentaerythrityl Tetraisostearate, Phenyl Trimethicone, Hydroxyethyl Acrylate/Sodium Acryloyldimethyl Taurate Copolymer, Carbomer, Tromethamine, Squalane, PEG-40 Hydrogenated Castor Oil, Dimethiconol, Acrylates/C10-30 Alkyl Acrylate Crosspolymer, C14-22 Alcohols, Polysorbate 60, Butylene Glycol, Macadamia Ternifolia Seed Oil, Malachite Extract, Triethylhexanoin, Trisodium EDTA, Arachidyl Glucoside, Butyrospermum Parkii (Shea) Butter, Hydrogenated Lecithin, Sorbitan Isostearate, Glyceryl Stearate, Stearic Acid, Ceramide NP, Cholesterol, PEG-100 Stearate, Rosmarinus Officinalis (Rosemary) Leaf Oil, Citrus Aurantifolia (Lime) Oil , Pelargonium Graveolens Flower Oil , Citrus Aurantium Dulcis (Orange) Peel Oil, Citral , Citronellol , Limonene, Geraniol, Linalool",,https://www.sephora.com/product/belif-the-true-cream-aqua-bomb-with-hyaluronic-acid-niacinamide-P510117,
youth-to-the-people-superfood-air-whip-moisture-cream,Youth To The People,Superfood Air-Whip Moisture Cream,moisturizer,,"AQUA/WATER/EAU , GLYCERIN , CAPRYLIC/CAPRIC TRIGLYCERIDE , PENTAERYTHRITYL TETRAETHYLHEXANOATE , PENTYLENE GLYCOL , BETAINE , SQUALANE , HELIANTHUS ANNUUS SEED OIL/SUNFLOWER SEED OIL , ALOE BARBADENSIS LEAF JUICE POWDER , BRASSICA OLERACEA ACEPHALA LEAF EXTRACT , CAMELLIA SINENSIS LEAF EXTRACT , CHAMOMILLA RECUTITA FLOWER EXTRACT/MATRICARIA FLOWER EXTRACT , MEDICAGO SATIVA EXTRACT/ALFALFA EXTRACT , SARCOSINE , SPINACIA OLERACEA/SPINACH LEAF EXTRACT , COPPER PCA , HYDROLYZED SODIUM HYALURONATE , HYDROXYACETOPHENONE , MENTHOXYPROPANEDIOL , PENTAERYTHRITYL TETRA-DI-T-BUTYL HYDROXYHYDROCINNAMATE , SODIUM HYALURONATE , SODIUM HYDROXIDE , TETRASODIUM GLUTAMATE DIACETATE , 3-O-ETHYL ASCORBIC ACID , PANTHENOL , TOCOPHEROL , HYDROGENATED LECITHIN , ACRYLATES/C10-30 ALKYL ACRYLATE CROSSPOLYMER , CARBOMER , CETEARYL ALCOHOL , CETEARYL GLUCOSIDE , CITRIC ACID , GLYCINE SOJA OIL/SOYBEAN OIL , LIMONENE , CHLORPHENESIN , PHENOXYETHANOL , PARFUM/FRAGRANCE",,https://www.youthtothepeople.com/superfood-air-whip-moisture-cream/YTTP-10300.html,
round-lab-birch-moisturizing-sunscreen-uvlock-spf45,Round Lab,Birch Juice Moisturizing UVLock Sunscreen SPF 45,sunscreen,Avobenzone 2.7%; Homosalate 13.5%; Octisalate 4.5%,"Water, Butyloctyl Salicylate, Propanediol, Acrylates Copolymer, Butylene Glycol, Caprylyl Methicone, Polyglyceryl-3 Distearate, Benzotriazolyl Dodecyl P-Cresol, Niacinamide, Diethylhexyl 2,6-Naphthalate, Polymethylsisesquioxane, Glycerin, Calcium Aluminum Borosilicate, 1,2-Hexanediol, Poly C10-30 Alkyl Acrylate, Pentylene Glycol, Cetearyl Aloohol, Tromethamine, Methy propanediol, Glyceryl Stearate Citrate, Betula Platyphylla Japonica Juice, Acrylates/C10-30 Alkyl Acrylate Crosspolymer, Carbomer, Ethylhexylglycerin, Artemisia Annua Extract, Anthemis Nobilis Flower Oil, Sodium Stearoyl Glutamate, Glyceryl Polymethacrylate, Triethoxycaprylylsilane, Pinus Sylvestris Leaf Oil, Sparassis Crispa Extract, Polyether-1, Allantoin, Di-propylene Glycol, Glyceryl Glucoside, Biosaccharide Gum-1, Tocopherol, Portulaca Oleracea Extract, Sodium Hyaluronate, Hyaluronic Acid, Ascorbic Acid",https://cdn.shopify.com/s/files/1/0651/7656/8022/files/BIRCH_JUICE_MOISTURIZING_UVLOCK3_Large_10126e46-dfcc-4cd5-970c-146d4be65989.webp?v=1772852134,https://dailymed.nlm.nih.gov/dailymed/drugInfo.cfm?setid=4260e410-d2d5-71b4-e063-6294a90a05b8,,45
round-lab-birch-mild-up-sunscreen-uvlock-spf50,Round Lab,Birch Juice Mild-Up UVLock Sunscreen SPF 50,sunscreen,Zinc Oxide 17%,"Water, Cyclohexasiloxane, Butyloctyl Salicylate, Propanediol, Propylheptyl Caprylate, Isododecane, Caprylyl Methicone, Polyglycery-3 Polydimethylsiloxyethyl Dimethicone, Methyl Methacrylate Crosspolymer, Methyl Trimethicone, Disteardimonium Hectorite, Magnesium Sulfate, Triethoxycaprylysilane, 1,2-Hexanediol, Polyglyceryl-2 Dipolyhydroxystearate, Polymethylsilsesquioxane, Lauryl Polyglyceryl-3 Polydimethyisiloxyethyl Dimethicone, Butylene Glycol, Betula Platyphylla Japonica Juice, Glyceryl Caprylate, Caprylyl Glycol, Ethylhexy glycerin, Artemisia Ánnua Extract, Anthemis Nobilis Flower Oil, Sodium Hyaluronate, Pinus Sylvestris Leaf Oil, Glycerin, Nelumbo Nucifera Leaf Extract, Cryptomeria Japonica Leaf Extract, Saccharomyces Ferment Filtrate, Tocopherol, Glyceryl Glucoside, Hyaluronic Acid, Ascorbic Acid",https://cdn.shopify.com/s/files/1/0651/7656/8022/files/Birch_Juice_Mild-Up_Sunscreen_UVLock_SPF_50_Broad_Spectrum_Round_Lab_2.png?v=1772850750,https://dailymed.nlm.nih.gov/dailymed/drugInfo.cfm?setid=1e7cc417-3c57-c87c-e063-6394a90a670b,,50
skin1004-hyalu-cica-water-fit-sun-serum-uv,SKIN1004,Hyalu-Cica Water-Fit Sun Serum UV,sunscreen,Avobenzone 2.7%; Homosalate 13.6%; Octisalate 4.5%; Octocrylene 9%,"Water, Butyloctyl Salicylate, Propanediol, Polymethylsilsesquioxane, C20-22 Alkyl Phosphate, C20-22 Alcohols, Panthenol, 1,2-Hexanediol, Caprylyl Methicone, Pentylene Glycol, Dimethicone/Vinyl Dimethicone Crosspolymer, Cetyl Alcohol, Vp/Eicosene Copolymer, Glyceryl Stearate, Tromethamine, Polyacrylate Crosspolymer-6, Ammonium Acryloyldimethyltaurate/Vp Copolymer, Silica, Butylene Glycol, Centella Asiatica Extract, Ethylhexylglycerin, Hydrolyzed Sodium Hyaluronate, Sodium Hyaluronate, Tocopherol, Glycerin, Portulaca Oleracea Extract, Camellia Sinensis Leaf Extract, Hyaluronic Acid, Oryza Sativa (Rice) Extract, Avena Sativa (Oat) Meal Extract, Glycine Max (Soybean) Seed Extract",https://cdn.shopify.com/s/files/1/0590/4538/0253/files/skin1004-hyalu-cica-water-fit-sun-serum-uv-1253199403.jpg?v=1786012930,https://www.skin1004.com/products/hyalu-cica-water-fit-sun-serum-uv,,50
supergoop-unseen-sunscreen-spf50,Supergoop!,Unseen Sunscreen SPF 50,sunscreen,Avobenzone 3%; Homosalate 7%; Octisalate 5%; Octocrylene 9%,"Isododecane, Dimethicone/Bis-Isobutyl PPG-20 Crosspolymer, Dimethicone/Vinyl Dimethicone Crosspolymer, Dimethicone, Dimethicone Crosspolymer, Caprylic/Capric Triglyceride, Butyrospermum Parkii (Shea) Butter, Physalis Angulata Extract, Himanthalia Elongata Extract, Meadowfoam Estolide, Tocopherol, Jojoba Esters, Polymethylsilsesquioxane, Caprylyl Glycol, Diethylhexyl Syringylidenemalonate, Silica, Bisabolol, Dipotassium Glycyrrhizate",https://cdn.shopify.com/s/files/1/1503/5658/files/Unseen_PDP_Image_Allure_Seal_2025.png?v=1758030958,https://supergoop.com/products/unseen-sunscreen-spf-50,,50
supergoop-mineral-mattescreen-spf40,Supergoop!,Mineral Mattescreen SPF 40,sunscreen,Titanium Dioxide 1.33%; Zinc Oxide 17.42%,"Dimethicone, Dimethicone Crosspolymer, Caprylic/Capric Triglyceride, Methyl Dihydroabietate, Polyhydroxystearic Acid, C9-12 Alkane, Glycerin, Iron Oxides (CI 77492), Ethylhexylglycerin, Water (Aqua), Coco-Caprylate/Caprate, Silica, Stearic Acid, Iron Oxides (CI 77491), Iron Oxides (CI 77499), Hedychium Coronarium Root Extract, Lactobacillus/Arundinaria Gigantea Leaf Ferment Filtrate, Leuconostoc/Radish Root Ferment Filtrate, Titanium Dioxide (CI 77891)",https://cdn.shopify.com/s/files/1/1503/5658/files/Mattescreen_1.5oz_Img1_new_234b06e3-dae1-4ceb-a8b5-d92b5aeae655.jpg?v=1716987301,https://supergoop.com/products/smooth-and-poreless-mattescreen,,40
biore-uv-aqua-rich-spf50,Bioré,UV Aqua Rich Hydrating Facial Moisturizer SPF 50,sunscreen,Avobenzone 3%; Homosalate 10%; Octisalate 5%; Octocrylene 5%,"Water, Alcohol Denat., Lauryl Methacrylate/Sodium Methacrylate Crosspolymer, Diethylhexyl 2,6Naphthalate, Glycerin, Dextrin Palmitate, Dicaprylyl Ether, Acrylates/C10-30 Alkyl Acrylate Crosspolymer, Fragrance, Glyceryl Behenate, Phenyl Trimethicone, Cetyl Alcohol, Sorbitan Distearate, Sodium Hydroxide, Stearoyl Glutamic Acid, Arginine, Disodium EDTA, Sodium Hyaluronate, Phenoxyethanol, Citral, Geraniol, Limonene, Linalool",,https://us.biore.com/products/biore-sunscreen-spf-50,,50
beauty-of-joseon-relief-sun,Beauty of Joseon,Relief Sun: Rice + Probiotics SPF50+ PA++++,sunscreen,,"AQUA, DIBUTYL ADIPATE, PROPANEDIOL, DIETHYLAMINO HYDROXYBENZOYL HEXYL BENZOATE, POLYMETHYLSILSESQUIOXANE, ETHYLHEXYL TRIAZONE, METHYLENE BIS-BENZOTRIAZOLYL TETRAMETHYLBUTYLPHENOL (NANO), NIACINAMIDE, COCO-CAPRYLATE/CAPRATE, CAPRYLYL METHICONE, DIETHYLHEXYL BUTAMIDO TRIAZONE, GLYCERIN, 1,2-HEXANEDIOL, BUTYLENE GLYCOL, PENTYLENE GLYCOL, BEHENYL ALCOHOL, POLY C10-30 ALKYL ACRYLATE, POLYGLYCERYL-3 METHYLGLUCOSE DISTEARATE, DECYL GLUCOSIDE, ORYZA SATIVA (RICE) EXTRACT, TROMETHAMINE, CARBOMER, ACRYLATES/C10-30 ALKYL ACRYLATE CROSSPOLYMER, SODIUM STEAROYL GLUTAMATE, POLYACRYLATE CROSSPOLYMER-6, ETHYLHEXYLGLYCERIN, ADENOSINE, XANTHAN GUM, T-BUTYL ALCOHOL, TOCOPHEROL, ORYZA SATIVA (RICE) GERM EXTRACT, CAMELLIA SINENSIS LEAF EXTRACT, SACCHARUM OFFICINARUM (SUGARCANE) EXTRACT, MACROCYSTIS PYRIFERA (KELP) EXTRACT, LACTOBACILLUS/PUMPKIN FERMENT EXTRACT, BACILLUS/SOYBEAN FERMENT EXTRACT, ASPERGILLUS FERMENT, COCOS NUCIFERA (COCONUT) FRUIT EXTRACT, PANAX GINSENG ROOT EXTRACT, MONASCUS/RICE FERMENT, LACTOBACILLUS/RICE FERMENT, SACCHAROMYCES/RICE FERMENT FILTRATE",,https://www.amazon.com/dp/B0G4Z5G1NT,yes,50
dr-g-green-mild-up-defense-mineral-sunscreen,Dr.G,Green Mild Up Defense Mineral Sunscreen SPF 50,sunscreen,Zinc Oxide 18.24%,"Water(Aqua/Eau), Butyloctyl Salicylate, Trisiloxane, Propylheptyl Caprylate, Butylene Glycol, Propanediol, Isododecane, Coco-Caprylate/Caprate, Cetyl Diglyceryl Tris(Trimethylsiloxy)silylethyl Dimethicone, Caprylyl Methicone, Neopentyl Glycol Diheptanoate, Vinyl Dimethicone/Methicone Silsesquioxane Crosspolymer, Lauryl Polyglyceryl-3 Polydimethylsiloxyethyl Dimethicone, Sodium Chloride, Triethoxycaprylylsilane, Triethylhexanoin, 1,2-Hexanediol, Cetyl Dimethicone, Disteardimonium Hectorite, Lauroyl Lysine, Polyglyceryl-2 Dipolyhydroxystearate, Magnesium Sulfate, Lauryl Dimethicone/Polyglycerin-3 Crosspolymer, Caprylyl Glycol, Glyceryl Caprylate, Tocopherol, Dipropylene Glycol, Panthenol, Sodium Citrate, Glycerin, Ceramide NP, Hydrolyzed Hyaluronic Acid, Caesalpinia Spinosa Fruit Extract, Bacillus Ferment, Kappaphycus Alvarezii Extract, Hydroxypropyl Cyclodextrin, Buddleja Officinalis Flower Extract, Centella Asiatica Extract, Houttuynia Cordata Extract, Palmitoyl Tripeptide-5, 7-Dehydrocholesterol, Pinus Pinaster Bark Extract",https://cdn.shopify.com/s/files/1/0635/3076/2492/files/dr-g-global-sun-protection-dr-g-green-mild-up-defense-mineral-sunscreen-50ml-1186081642.jpg?v=1755601410,https://dailymed.nlm.nih.gov/dailymed/drugInfo.cfm?setid=30d49f24-3e13-385f-e063-6294a90ab5c8,,50
drunk-elephant-umbra-sheer-spf30,Drunk Elephant,Umbra Sheer Mineral Cream SPF 30,sunscreen,Zinc Oxide 20%,"Water, Ethylhexyl Olivate, Squalane, C9-12 Alkane, Propanediol, Polyglyceryl-3 Diisostearate, Glycerin, Polyglyceryl-6 Polyricinoleate, Silica, Disteardimonium Hectorite, Lauroyl Lysine, Kaolin, Sclerocarya Birrea Seed Oil, Camellia Sinensis Seed Oil, Coco-Caprylate/Caprate, Rubus Idaeus (Raspberry) Seed Oil, Simmondsia Chinensis (Jojoba) Seed Oil, Acacia Senegal Gum, Silybum Marianum Fruit Extract, Tetrahexyldecyl Ascorbate, Vitis Vinifera (Grape) Juice Extract, C12-15 Alkyl Benzoate, Haematococcus Pluvialis Extract, Ubiquinone, Astaxanthin, Dextrin, Sea Water, Brassica Campestris (Rapeseed) Seed Oil, Tocopheryl Acetate, Potassium Sorbate, Chlorphenesin, Sea Salt, Sodium Benzoate, Tetrasodium Glutamate Diacetate, Phenoxyethanol, Sodium Hydroxide, Tocopherol, Iron Oxides",,https://dailymed.nlm.nih.gov/dailymed/drugInfo.cfm?setid=808774b0-1b50-450b-8298-685568a161c7,,30
black-girl-sunscreen-spf30,Black Girl Sunscreen,Broad Spectrum SPF 30 Ultra Sheer Lotion,sunscreen,Avobenzone 3%; Homosalate 10%; Octisalate 5%; Octocrylene 2.75%,"Acrylates/C10-30 Alkyl Acrylate Crosspolymer, Acrylates/C12-22 Alkyl Methacrylate Copolymer, Aloe Barbadensis Leaf Juice, Butylphthalimide, Carbomer, Daucus Carota Sativa (Carrot) Seed Oil, Disodium EDTA, Ethylhexylglycerin, Helianthus Annuus (Sunflower) Seed Oil, Hydroxypropyl Methylcellulose, Isopropylphthalimide, Lecithin, Persea Gratissima (Avocado) Oil, Phenoxyethanol, Propylene Glycol, Simmondsia Chinensis (Jojoba) Seed Oil, Sodium Hydroxide, Sorbitan Oleate, Theobroma Cacao (Cocoa) Seed Butter, Tocopheryl Acetate, Water",,https://dailymed.nlm.nih.gov/dailymed/drugInfo.cfm?setid=2bc42f6f-4eaf-fa28-e063-6294a90a93fb,,30
unsun-mineral-tinted-spf30,Unsun,Mineral Tinted Face Sunscreen SPF 30,sunscreen,Titanium Dioxide 3%; Zinc Oxide 3%,"Allantoin, Alumina, Butyrospermum Parkii (Shea) Butter, Camellia Oleifera (Green Tea) Leaf Extract, Cetyl PEG/PPG-10/1 Dimethicone, Cucumis Sativus (Cucumber) Extract, Cyclopentasiloxane, Dimethicone Crosspolymer, Disteardimonium Hectorite, Ethylhexylglycerin, Glycerin, Hexyl Laurate, Iron Oxides, Lavandula Angustifolia (Lavender) Oil, Linum Usitatissimum (Linseed) Seed Oil, Oenothera Biennis (Evening Primrose) Oil, PEG-10 Dimethicone, Phenoxyethanol, Plankton Extract, Polyglyceryl-4 Isostearate, Polymethylsilsesquioxane, Rosa Canina Seed Oil, Silica, Stearic Acid, Tocopheryl Acetate, Triethoxycaprylylsilane, Water",,https://dailymed.nlm.nih.gov/dailymed/drugInfo.cfm?setid=b8f1e9e6-2bde-79d1-e053-2995a90ac016,,30
la-roche-posay-anthelios-melt-in-milk-spf60,La Roche-Posay,Anthelios Melt-in Milk Sunscreen SPF 60,sunscreen,Avobenzone 3%; Homosalate 10%; Octisalate 5%; Octocrylene 7%,"water, sytrene/acrylates copolymer, dimethicone, polymethlysilsesquioxane, butylocytyl salicylate, glycerin, alcohol denat., poly C10-30 alkyl acrylate, caprylyl methicone, trisiloxane, acrylates/dimethicone copolymer, diethylhexyl syringylidenemalonate, PEG-100 stearate, glyceryl stearate, phenoxyethanol, potassium cetyl phosphate, propylene glycol, caprylyl glycol, PEG-8 laurate, acrylates/C10-30 alkyl acrylate crosspolymer, triethanolamine, tocopherol, inulin lauryl carbamate, disodium EDTA, p-anisic acid, caprylic/capric triglyceride, xanthan gum, cassia alata leaf extract, maltodextrin",,https://dailymed.nlm.nih.gov/dailymed/drugInfo.cfm?setid=128c5c70-c410-6c25-e063-6294a90a8b68,,60
la-roche-posay-anthelios-mineral-tinted-spf50,La Roche-Posay,Anthelios Tinted Mineral Face Sunscreen SPF 50,sunscreen,Titanium Dioxide 11%,"water, isododecane, C12-15 alkyl benzoate, dimethicone, undecane, triethylhexanoin, isohexadecane, styrene/acrylates copolymer, nylon-12, caprylyl methicone, butyloctyl salicylate, phenethyl benzoate, silica, tridecane, dicaprylyl carbonate, dicaprylyl ether, talc, dimethicone/PEG-10/15 crosspolymer, aluminum stearate, pentylene glycol, PEG-9 polydimethylsiloxyethyl dimethcone, iron oxides, alumina, polyhydroxystearic acid, phenoxyethanol, magnesium sulfate, propylene glycol, caprylyl glycol, aluminum hydroxide, PEG-8 laurate, stearic acid, disteardimonium hectorite, diethylhexyl syringlidenemalonate, tocopherol, propylene carbonate, cassia alata leaf extract, maltodextrin, benzoic acid, disodium stearoyl glutamate, PEG-9",,https://dailymed.nlm.nih.gov/dailymed/drugInfo.cfm?setid=bc72048a-4786-44c2-97ce-022082281654,,50
torriden-dive-in-mild-suncream,Torriden,DIVE-IN Mild Sun Cream,sunscreen,,"Water, Zinc Oxide, Cyclohexasiloxane, Butyloctyl Salicylate, Propylheptyl Caprylate, Propanediol, Dicaprylyl Carbonate, Isohexadecane, Polyglyceryl-3 Polydimethylsiloxyethyl Dimethicone, Caprylyl Methicone, Sodium Hyaluronate, Hyaluronic Acid, Hydrolyzed Sodium Hyaluronate, Hydrolyzed Hyaluronic Acid, Sodium Acetylated Hyaluronate, Sodium Hyaluronate Crosspolymer, Potassium Hyaluronate, Dimethylsilanol Hyaluronate, Hydroxypropyltrimonium Hyaluronate, Sodium Hyaluronate Dimethylsilanol, Panthenol, Allantoin, Trehalose, Ceramide NP, Witch Hazel Extract (Hamamelis Virginiana), Purslane Extract (Portulaca Oleracea), Chamomile Flower Extract (Matricaria Recutita), Jojoba Seed Oil, 1,3-Butanediol, Disteardimonium Hectorite, Magnesium Sulfate, Triethoxycaprylylsilane, Methyl Methacrylate Crosspolymer, Polyglyceryl-2 Dipolyhydroxystearate, Lauryl Polyglyceryl-3 Polydimethylsiloxyethyl Dimethicone, Glyceryl Caprylate, Caprylyl Glycol, Butylene Glycol, Tocopherol (Vitamin E), Ethylhexylglycerin, 1,2-Hexanediol, Neem Leaf Extract (Melia Azadirachta Leaf Extract), Neem Flower Extract (Melia Azadirachta Flower Extract), Ivy Gourd Fruit Extract (Coccinia Indica Fruit Extract), Eggplant Fruit Extract (Solanum Melongena Fruit Extract), Aloe Vera Flower Extract, Turmeric Root Extract (Curcuma Longa Root Extract), Corallina Officinalis Extract (Red Coral Seaweed Extract), Holy Basil Leaf Extract (Ocimum Sanctum Leaf Extract), Green Tea Extract (Camellia Sinensis Leaf Extract), Malachite Extract",,https://global.oliveyoung.com/product/detail?prdtNo=GA220916335,yes,50
isntree-hyaluronic-acid-watery-sun-gel,Isntree,Hyaluronic Acid Watery Sun Gel,sunscreen,,"Water, Butylene Glycol, Ethylhexyl Salicylate, Homosalate, Dibutyl Adipate, Niacinamide, Bis-Ethylhexyloxyphenol Methoxyphenyl Triazine, Cyclopentasiloxane, Methylene Bis-Benzotriazolyl Tetramethylbutylphenol, Polysilicone-15, Diethylamino Hydroxybenzoyl Hexyl Benzoate, 1,2-Hexanediol, Pentylene Glycol, Pinus Pinaster Bark Extract, Ceramide NP, Centella Asiatica Extract, Glycerin, Portulaca Oleracea Extract, Houttuynia Cordata Extract, Olea Europaea (Olive) Fruit Oil, Ficus Carica (Fig) Fruit Extract, Sodium Hyaluronate, Ceteth-10, Hydrogenated Lecithin, Decyl Glucoside, Propanediol, Tocopherol, Astaxanthin, Hyaluronic Acid, Sodium Hyaluronate Crosspolymer, Ascorbyl Propyl Hyaluronate, Hydrolyzed Hyaluronic Acid, Hydroxypropyltrimonium Hyaluronate, Acrylates/C10-30 Alkyl Acrylate Crosspolymer, Sodium Acetylated Hyaluronate, Hydrolyzed Sodium Hyaluronate, Adenosine, Xanthan Gum, Cetyl PEG/PPG-10/1 Dimethicone, Tromethamine, Carbomer, Propylene Glycol, Ethylhexylglycerin",,https://www.amazon.com/dp/B0H3WD92LG,yes,50
skin1004-centella-air-fit-suncream-plus,SKIN1004,Madagascar Centella Air-Fit Suncream Plus,sunscreen,,"Centella Asiatica (Gotu Kola) Extract(35.8%), Cyclopentasiloxane, Zinc Oxide, Butyloctyl Salicylate, Titanium Oxide, Propanediol, Benzotriazolyl Dodecyl p-Cresol, Coptis Chinensis Root Extract, PEG-10 Dimethicone, Niacinamide, Disteardimonium Hectorite, Butylene Glycol, Magnesium Sulfate, 1,2-Hexanediol, Caprylic/Capric Glycerides, Dimethicone, VP/Hexadecene Copolymer, Polymethylsilsesquioxane, Aluminum Hydroxide, Stearic Acid, Sorbitan Sesquioleate, Triethoxycaprylylsilane, Dimethicone Crosspolymer, Dimethicone/Vinyl Dimethicone Crosspolymer, Dextrin, Theobroma Cacao (Cocoa) Extract, Pelargonium Graveolens Flower Oil, Water, Citrus Aurantium Bergamia (Bergamot) Fruit Oil, Betaine, Scutellaria Baicalensis Root Extract, Polygonum Cuspidatum Root Extract, Glycyrrhiza Glabra (Licorice) Root Extract, Camellia Sinensis Leaf Extract, Sodium Hyaluronate, Rosmarinus Officinalis (Rosemary) Leaf Extract, Chamomilla Recutita (Matricaria) Flower Extract, Rosa Damascena Flower Oil, Pentylene Glycol, Madecassoside, Citronellol, Geraniol, Linalool",,https://www.yesstyle.com/en/info.html/pid.1113064814,yes,50
aveeno-protect-hydrate-sunscreen-lotion-spf60,Aveeno,Protect + Hydrate Sunscreen Lotion SPF 60,sunscreen,Avobenzone 3%; Homosalate 13.5%; Octisalate 5%; Octocrylene 10%,"Water, Butyloctyl Salicylate, Glycerin, Alcohol Denat., Silica, Caprylyl Methicone, Aluminum Starch Octenylsuccinate, Dimethicone, Polyurethane-62, Phenoxyethanol, Pentylene Glycol, Sodium Acryloyldimethyltaurate/VP Crosspolymer, Acrylates/Dimethicone Copolymer, Glyceryl Stearate, Chlorphenesin, Styrene/Acrylates Copolymer, Fragrance, Disodium EDTA, Trideceth-6, Avena Sativa (Oat) Kernel Extract, Sodium Hydroxide",,https://www.walmart.com/ip/Aveeno-Protect-Hydrate-Body-Sunscreen-Lotion-SPF-60-12-0-fl-oz/560846968,,60
